Province,Year,Month,MonthNum,Cases,Deaths
Banteay Meanchey,2018,Jan,1,4,0
Banteay Meanchey,2018,Feb,2,8,0
Banteay Meanchey,2018,Mar,3,12,0
Banteay Meanchey,2018,Apr,4,13,0
Banteay Meanchey,2018,May,5,36,0
Banteay Meanchey,2018,Jun,6,86,0
Banteay Meanchey,2018,Jul,7,112,0
Banteay Meanchey,2018,Aug,8,100,0
Banteay Meanchey,2018,Sep,9,119,0
Banteay Meanchey,2018,Oct,10,126,0
Banteay Meanchey,2018,Nov,11,97,0
Banteay Meanchey,2018,Dec,12,70,0
Banteay Meanchey,2019,Jan,1,34,0
Banteay Meanchey,2019,Feb,2,61,0
Banteay Meanchey,2019,Mar,3,84,0
Banteay Meanchey,2019,Apr,4,156,0
Banteay Meanchey,2019,May,5,360,0
Banteay Meanchey,2019,Jun,6,1026,0
Banteay Meanchey,2019,Jul,7,1349,0
Banteay Meanchey,2019,Aug,8,941,0
Banteay Meanchey,2019,Sep,9,413,0
Banteay Meanchey,2019,Oct,10,318,0
Banteay Meanchey,2019,Nov,11,164,0
Banteay Meanchey,2019,Dec,12,53,0
Banteay Meanchey,2020,Jan,1,36,0
Banteay Meanchey,2020,Feb,2,24,0
Banteay Meanchey,2020,Mar,3,30,0
Banteay Meanchey,2020,Apr,4,12,0
Banteay Meanchey,2020,May,5,28,0
Banteay Meanchey,2020,Jun,6,39,0
Banteay Meanchey,2020,Jul,7,154,0
Banteay Meanchey,2020,Aug,8,239,0
Banteay Meanchey,2020,Sep,9,220,0
Banteay Meanchey,2020,Oct,10,72,0
Banteay Meanchey,2020,Nov,11,29,0
Banteay Meanchey,2020,Dec,12,19,0
Banteay Meanchey,2021,Jan,1,2,0
Banteay Meanchey,2021,Feb,2,3,0
Banteay Meanchey,2021,Mar,3,5,0
Banteay Meanchey,2021,Apr,4,4,0
Banteay Meanchey,2021,May,5,1,0
Banteay Meanchey,2021,Jun,6,2,0
Banteay Meanchey,2021,Jul,7,3,0
Banteay Meanchey,2021,Aug,8,3,0
Banteay Meanchey,2021,Sep,9,1,0
Banteay Meanchey,2021,Oct,10,4,0
Banteay Meanchey,2021,Nov,11,5,0
Banteay Meanchey,2022,Jan,1,1,0
Banteay Meanchey,2022,Feb,2,6,0
Banteay Meanchey,2022,Mar,3,6,0
Banteay Meanchey,2022,Apr,4,12,0
Banteay Meanchey,2022,May,5,44,0
Banteay Meanchey,2022,Jun,6,137,1
Banteay Meanchey,2022,Jul,7,117,0
Banteay Meanchey,2022,Aug,8,135,0
Banteay Meanchey,2022,Sep,9,117,0
Banteay Meanchey,2022,Oct,10,154,0
Banteay Meanchey,2022,Nov,11,100,0
Banteay Meanchey,2022,Dec,12,76,0
Banteay Meanchey,2023,Jan,1,47,0
Banteay Meanchey,2023,Feb,2,17,0
Banteay Meanchey,2023,Mar,3,40,0
Banteay Meanchey,2023,Apr,4,63,0
Banteay Meanchey,2023,May,5,121,0
Banteay Meanchey,2023,Jun,6,325,1
Banteay Meanchey,2023,Jul,7,730,3
Banteay Meanchey,2023,Aug,8,1034,3
Banteay Meanchey,2023,Sep,9,1064,2
Banteay Meanchey,2023,Oct,10,864,1
Banteay Meanchey,2023,Nov,11,547,1
Banteay Meanchey,2023,Dec,12,282,3
Banteay Meanchey,2024,Jan,1,128,1
Banteay Meanchey,2024,Feb,2,53,0
Banteay Meanchey,2024,Mar,3,22,0
Banteay Meanchey,2024,Apr,4,29,0
Banteay Meanchey,2024,May,5,8,0
Banteay Meanchey,2024,Jun,6,17,0
Banteay Meanchey,2024,Jul,7,29,0
Banteay Meanchey,2024,Aug,8,83,0
Banteay Meanchey,2024,Sep,9,89,0
Banteay Meanchey,2024,Oct,10,99,0
Banteay Meanchey,2025,Jan,1,29,0
Banteay Meanchey,2025,Feb,2,7,0
Banteay Meanchey,2025,Mar,3,21,0
Banteay Meanchey,2025,Apr,4,36,0
Banteay Meanchey,2025,May,5,72,0
Banteay Meanchey,2025,Jun,6,186,0
Banteay Meanchey,2025,Jul,7,417,2
Banteay Meanchey,2025,Aug,8,392,0
Banteay Meanchey,2025,Sep,9,322,1
Banteay Meanchey,2025,Oct,10,400,1
Banteay Meanchey,2025,Nov,11,262,1
Banteay Meanchey,2025,Dec,12,116,0
Banteay Meanchey,2026,Jan,1,78,0
Banteay Meanchey,2026,Feb,2,31,0
Banteay Meanchey,2026,Mar,3,72,0
Banteay Meanchey,2026,Apr,4,67,1
Banteay Meanchey,2026,May,5,89,0
Banteay Meanchey,2026,Jun,6,598,1
Banteay Meanchey,2026,Jul,7,924,1
Battambang,2018,Jan,1,5,0
Battambang,2018,Feb,2,3,0
Battambang,2018,Mar,3,6,0
Battambang,2018,Apr,4,8,0
Battambang,2018,May,5,18,0
Battambang,2018,Jun,6,46,0
Battambang,2018,Jul,7,70,0
Battambang,2018,Aug,8,77,0
Battambang,2018,Sep,9,81,1
Battambang,2018,Oct,10,71,0
Battambang,2018,Nov,11,66,0
Battambang,2018,Dec,12,64,0
Battambang,2019,Jan,1,47,0
Battambang,2019,Feb,2,62,0
Battambang,2019,Mar,3,94,0
Battambang,2019,Apr,4,161,0
Battambang,2019,May,5,449,3
Battambang,2019,Jun,6,916,1
Battambang,2019,Jul,7,932,3
Battambang,2019,Aug,8,616,2
Battambang,2019,Sep,9,182,1
Battambang,2019,Oct,10,150,2
Battambang,2019,Nov,11,68,0
Battambang,2019,Dec,12,21,0
Battambang,2020,Jan,1,19,0
Battambang,2020,Feb,2,8,0
Battambang,2020,Mar,3,3,0
Battambang,2020,Apr,4,8,0
Battambang,2020,May,5,11,0
Battambang,2020,Jun,6,62,0
Battambang,2020,Jul,7,186,1
Battambang,2020,Aug,8,228,0
Battambang,2020,Sep,9,114,0
Battambang,2020,Oct,10,31,0
Battambang,2020,Nov,11,1,0
Battambang,2020,Dec,12,2,0
Battambang,2021,Jan,1,2,0
Battambang,2021,May,5,1,0
Battambang,2021,Jun,6,7,0
Battambang,2021,Aug,8,1,0
Battambang,2021,Sep,9,3,0
Battambang,2021,Oct,10,4,0
Battambang,2021,Nov,11,2,0
Battambang,2021,Dec,12,3,0
Battambang,2022,Mar,3,1,0
Battambang,2022,Apr,4,7,0
Battambang,2022,May,5,11,0
Battambang,2022,Jun,6,48,0
Battambang,2022,Jul,7,56,0
Battambang,2022,Aug,8,47,0
Battambang,2022,Sep,9,48,0
Battambang,2022,Oct,10,39,0
Battambang,2022,Nov,11,39,0
Battambang,2022,Dec,12,22,0
Battambang,2023,Jan,1,6,0
Battambang,2023,Feb,2,1,0
Battambang,2023,Mar,3,15,0
Battambang,2023,Apr,4,20,0
Battambang,2023,May,5,43,0
Battambang,2023,Jun,6,114,0
Battambang,2023,Jul,7,180,0
Battambang,2023,Aug,8,265,0
Battambang,2023,Sep,9,253,0
Battambang,2023,Oct,10,203,2
Battambang,2023,Nov,11,189,1
Battambang,2023,Dec,12,129,0
Battambang,2024,Jan,1,81,0
Battambang,2024,Feb,2,35,0
Battambang,2024,Mar,3,38,0
Battambang,2024,Apr,4,21,0
Battambang,2024,May,5,13,0
Battambang,2024,Jun,6,13,0
Battambang,2024,Jul,7,36,0
Battambang,2024,Aug,8,57,0
Battambang,2024,Sep,9,31,0
Battambang,2024,Oct,10,44,0
Battambang,2025,Jan,1,24,0
Battambang,2025,Feb,2,4,0
Battambang,2025,Mar,3,14,0
Battambang,2025,Apr,4,18,0
Battambang,2025,May,5,63,0
Battambang,2025,Jun,6,168,2
Battambang,2025,Jul,7,381,2
Battambang,2025,Aug,8,481,3
Battambang,2025,Sep,9,308,0
Battambang,2025,Oct,10,393,1
Battambang,2025,Nov,11,284,0
Battambang,2025,Dec,12,110,0
Battambang,2026,Jan,1,86,0
Battambang,2026,Feb,2,42,0
Battambang,2026,Mar,3,68,0
Battambang,2026,Apr,4,66,0
Battambang,2026,May,5,101,1
Battambang,2026,Jun,6,815,1
Battambang,2026,Jul,7,1366,4
EXAMPLE,2026,Jun,6,815,1
Kampong Cham,2018,Jan,1,21,0
Kampong Cham,2018,Feb,2,14,0
Kampong Cham,2018,Mar,3,23,0
Kampong Cham,2018,Apr,4,33,0
Kampong Cham,2018,May,5,76,0
Kampong Cham,2018,Jun,6,162,1
Kampong Cham,2018,Jul,7,146,0
Kampong Cham,2018,Aug,8,159,0
Kampong Cham,2018,Sep,9,154,0
Kampong Cham,2018,Oct,10,98,0
Kampong Cham,2018,Nov,11,113,0
Kampong Cham,2018,Dec,12,57,0
Kampong Cham,2019,Jan,1,92,0
Kampong Cham,2019,Feb,2,88,0
Kampong Cham,2019,Mar,3,139,1
Kampong Cham,2019,Apr,4,317,1
Kampong Cham,2019,May,5,351,0
Kampong Cham,2019,Jun,6,905,3
Kampong Cham,2019,Jul,7,905,3
Kampong Cham,2019,Aug,8,544,0
Kampong Cham,2019,Sep,9,152,0
Kampong Cham,2019,Oct,10,107,0
Kampong Cham,2019,Nov,11,73,0
Kampong Cham,2019,Dec,12,35,0
Kampong Cham,2020,Jan,1,16,0
Kampong Cham,2020,Feb,2,10,0
Kampong Cham,2020,Mar,3,12,0
Kampong Cham,2020,Apr,4,7,0
Kampong Cham,2020,May,5,21,0
Kampong Cham,2020,Jun,6,40,0
Kampong Cham,2020,Jul,7,82,0
Kampong Cham,2020,Aug,8,175,0
Kampong Cham,2020,Sep,9,80,0
Kampong Cham,2020,Oct,10,61,0
Kampong Cham,2020,Nov,11,49,0
Kampong Cham,2020,Dec,12,29,0
Kampong Cham,2021,Jan,1,17,0
Kampong Cham,2021,Feb,2,11,0
Kampong Cham,2021,Mar,3,4,0
Kampong Cham,2021,Apr,4,5,0
Kampong Cham,2021,May,5,6,0
Kampong Cham,2021,Jun,6,6,0
Kampong Cham,2021,Jul,7,4,0
Kampong Cham,2021,Aug,8,8,0
Kampong Cham,2021,Sep,9,2,0
Kampong Cham,2021,Oct,10,7,0
Kampong Cham,2021,Nov,11,9,0
Kampong Cham,2021,Dec,12,5,0
Kampong Cham,2022,Jan,1,11,0
Kampong Cham,2022,Feb,2,2,0
Kampong Cham,2022,Mar,3,8,0
Kampong Cham,2022,Apr,4,16,0
Kampong Cham,2022,May,5,54,0
Kampong Cham,2022,Jun,6,97,1
Kampong Cham,2022,Jul,7,81,0
Kampong Cham,2022,Aug,8,55,0
Kampong Cham,2022,Sep,9,41,0
Kampong Cham,2022,Oct,10,73,0
Kampong Cham,2022,Nov,11,53,0
Kampong Cham,2022,Dec,12,27,0
Kampong Cham,2023,Jan,1,32,0
Kampong Cham,2023,Feb,2,8,0
Kampong Cham,2023,Mar,3,27,1
Kampong Cham,2023,Apr,4,43,0
Kampong Cham,2023,May,5,83,0
Kampong Cham,2023,Jun,6,137,1
Kampong Cham,2023,Jul,7,302,4
Kampong Cham,2023,Aug,8,275,3
Kampong Cham,2023,Sep,9,188,1
Kampong Cham,2023,Oct,10,145,1
Kampong Cham,2023,Nov,11,164,1
Kampong Cham,2023,Dec,12,132,0
Kampong Cham,2024,Jan,1,109,0
Kampong Cham,2024,Feb,2,97,1
Kampong Cham,2024,Mar,3,111,2
Kampong Cham,2024,Apr,4,59,0
Kampong Cham,2024,May,5,26,0
Kampong Cham,2024,Jun,6,54,0
Kampong Cham,2024,Jul,7,166,1
Kampong Cham,2024,Aug,8,289,2
Kampong Cham,2024,Sep,9,131,2
Kampong Cham,2024,Oct,10,148,0
Kampong Cham,2024,Nov,11,3,0
Kampong Cham,2025,Jan,1,84,0
Kampong Cham,2025,Feb,2,45,0
Kampong Cham,2025,Mar,3,47,0
Kampong Cham,2025,Apr,4,117,1
Kampong Cham,2025,May,5,280,1
Kampong Cham,2025,Jun,6,567,1
Kampong Cham,2025,Jul,7,749,1
Kampong Cham,2025,Aug,8,417,2
Kampong Cham,2025,Sep,9,286,0
Kampong Cham,2025,Oct,10,296,0
Kampong Cham,2025,Nov,11,278,0
Kampong Cham,2025,Dec,12,133,1
Kampong Cham,2026,Jan,1,127,0
Kampong Cham,2026,Feb,2,57,0
Kampong Cham,2026,Mar,3,78,0
Kampong Cham,2026,Apr,4,118,1
Kampong Cham,2026,May,5,246,0
Kampong Cham,2026,Jun,6,887,2
Kampong Cham,2026,Jul,7,2021,3
Kampong Chhnang,2018,Jan,1,7,0
Kampong Chhnang,2018,Feb,2,5,0
Kampong Chhnang,2018,Mar,3,8,1
Kampong Chhnang,2018,Apr,4,25,0
Kampong Chhnang,2018,May,5,124,0
Kampong Chhnang,2018,Jun,6,246,0
Kampong Chhnang,2018,Jul,7,260,0
Kampong Chhnang,2018,Aug,8,124,0
Kampong Chhnang,2018,Sep,9,70,1
Kampong Chhnang,2018,Oct,10,42,0
Kampong Chhnang,2018,Nov,11,30,0
Kampong Chhnang,2018,Dec,12,49,0
Kampong Chhnang,2019,Jan,1,48,0
Kampong Chhnang,2019,Feb,2,29,0
Kampong Chhnang,2019,Mar,3,45,0
Kampong Chhnang,2019,Apr,4,84,0
Kampong Chhnang,2019,May,5,190,0
Kampong Chhnang,2019,Jun,6,608,0
Kampong Chhnang,2019,Jul,7,754,3
Kampong Chhnang,2019,Aug,8,335,1
Kampong Chhnang,2019,Sep,9,95,0
Kampong Chhnang,2019,Oct,10,46,0
Kampong Chhnang,2019,Nov,11,11,0
Kampong Chhnang,2019,Dec,12,4,0
Kampong Chhnang,2020,Jan,1,8,0
Kampong Chhnang,2020,Feb,2,12,0
Kampong Chhnang,2020,Mar,3,7,0
Kampong Chhnang,2020,Apr,4,6,0
Kampong Chhnang,2020,May,5,39,0
Kampong Chhnang,2020,Jun,6,58,0
Kampong Chhnang,2020,Jul,7,180,0
Kampong Chhnang,2020,Aug,8,150,0
Kampong Chhnang,2020,Sep,9,71,0
Kampong Chhnang,2020,Oct,10,26,0
Kampong Chhnang,2020,Nov,11,6,0
Kampong Chhnang,2020,Dec,12,7,0
Kampong Chhnang,2021,Jan,1,1,0
Kampong Chhnang,2021,Mar,3,2,0
Kampong Chhnang,2021,May,5,1,0
Kampong Chhnang,2021,Jun,6,13,0
Kampong Chhnang,2021,Jul,7,6,0
Kampong Chhnang,2021,Aug,8,2,0
Kampong Chhnang,2021,Oct,10,2,0
Kampong Chhnang,2021,Dec,12,3,1
Kampong Chhnang,2022,Jan,1,1,0
Kampong Chhnang,2022,Feb,2,1,0
Kampong Chhnang,2022,Mar,3,5,0
Kampong Chhnang,2022,Apr,4,5,0
Kampong Chhnang,2022,May,5,27,0
Kampong Chhnang,2022,Jun,6,42,0
Kampong Chhnang,2022,Jul,7,66,0
Kampong Chhnang,2022,Aug,8,34,0
Kampong Chhnang,2022,Sep,9,26,2
Kampong Chhnang,2022,Oct,10,19,0
Kampong Chhnang,2022,Nov,11,12,0
Kampong Chhnang,2022,Dec,12,6,0
Kampong Chhnang,2023,Jan,1,11,0
Kampong Chhnang,2023,Feb,2,3,0
Kampong Chhnang,2023,Mar,3,4,0
Kampong Chhnang,2023,Apr,4,5,0
Kampong Chhnang,2023,May,5,18,0
Kampong Chhnang,2023,Jun,6,55,0
Kampong Chhnang,2023,Jul,7,145,1
Kampong Chhnang,2023,Aug,8,163,0
Kampong Chhnang,2023,Sep,9,117,0
Kampong Chhnang,2023,Oct,10,104,3
Kampong Chhnang,2023,Nov,11,63,0
Kampong Chhnang,2023,Dec,12,55,0
Kampong Chhnang,2024,Jan,1,37,0
Kampong Chhnang,2024,Feb,2,8,0
Kampong Chhnang,2024,Mar,3,34,0
Kampong Chhnang,2024,Apr,4,14,0
Kampong Chhnang,2024,May,5,7,0
Kampong Chhnang,2024,Jun,6,45,0
Kampong Chhnang,2024,Jul,7,105,0
Kampong Chhnang,2024,Aug,8,99,0
Kampong Chhnang,2024,Sep,9,52,0
Kampong Chhnang,2024,Oct,10,39,0
Kampong Chhnang,2024,Nov,11,2,0
Kampong Chhnang,2025,Jan,1,28,0
Kampong Chhnang,2025,Feb,2,19,0
Kampong Chhnang,2025,Mar,3,34,0
Kampong Chhnang,2025,Apr,4,69,0
Kampong Chhnang,2025,May,5,171,0
Kampong Chhnang,2025,Jun,6,425,1
Kampong Chhnang,2025,Jul,7,635,1
Kampong Chhnang,2025,Aug,8,394,0
Kampong Chhnang,2025,Sep,9,168,1
Kampong Chhnang,2025,Oct,10,136,0
Kampong Chhnang,2025,Nov,11,80,0
Kampong Chhnang,2025,Dec,12,36,0
Kampong Chhnang,2026,Jan,1,28,0
Kampong Chhnang,2026,Feb,2,10,0
Kampong Chhnang,2026,Mar,3,42,0
Kampong Chhnang,2026,Apr,4,46,0
Kampong Chhnang,2026,May,5,119,0
Kampong Chhnang,2026,Jun,6,679,1
Kampong Chhnang,2026,Jul,7,979,3
Kampong Speu,2018,Jan,1,9,0
Kampong Speu,2018,Feb,2,9,0
Kampong Speu,2018,Mar,3,8,0
Kampong Speu,2018,Apr,4,23,0
Kampong Speu,2018,May,5,38,0
Kampong Speu,2018,Jun,6,67,0
Kampong Speu,2018,Jul,7,123,0
Kampong Speu,2018,Aug,8,94,0
Kampong Speu,2018,Sep,9,98,0
Kampong Speu,2018,Oct,10,101,1
Kampong Speu,2018,Nov,11,89,0
Kampong Speu,2018,Dec,12,68,0
Kampong Speu,2019,Jan,1,45,0
Kampong Speu,2019,Feb,2,40,0
Kampong Speu,2019,Mar,3,86,0
Kampong Speu,2019,Apr,4,115,0
Kampong Speu,2019,May,5,208,1
Kampong Speu,2019,Jun,6,475,2
Kampong Speu,2019,Jul,7,672,0
Kampong Speu,2019,Aug,8,714,1
Kampong Speu,2019,Sep,9,274,0
Kampong Speu,2019,Oct,10,200,0
Kampong Speu,2019,Nov,11,87,0
Kampong Speu,2019,Dec,12,46,1
Kampong Speu,2020,Jan,1,42,0
Kampong Speu,2020,Feb,2,31,0
Kampong Speu,2020,Mar,3,9,0
Kampong Speu,2020,Apr,4,14,0
Kampong Speu,2020,May,5,23,0
Kampong Speu,2020,Jun,6,74,0
Kampong Speu,2020,Jul,7,136,1
Kampong Speu,2020,Aug,8,150,1
Kampong Speu,2020,Sep,9,82,0
Kampong Speu,2020,Oct,10,18,0
Kampong Speu,2020,Nov,11,23,0
Kampong Speu,2020,Dec,12,21,0
Kampong Speu,2021,Jan,1,13,0
Kampong Speu,2021,Feb,2,7,0
Kampong Speu,2021,Mar,3,8,0
Kampong Speu,2021,Apr,4,15,0
Kampong Speu,2021,May,5,11,0
Kampong Speu,2021,Jun,6,12,0
Kampong Speu,2021,Jul,7,16,0
Kampong Speu,2021,Aug,8,19,0
Kampong Speu,2021,Sep,9,24,0
Kampong Speu,2021,Oct,10,33,0
Kampong Speu,2021,Nov,11,47,2
Kampong Speu,2021,Dec,12,14,0
Kampong Speu,2022,Jan,1,34,0
Kampong Speu,2022,Feb,2,14,0
Kampong Speu,2022,Mar,3,34,0
Kampong Speu,2022,Apr,4,43,0
Kampong Speu,2022,May,5,180,0
Kampong Speu,2022,Jun,6,289,2
Kampong Speu,2022,Jul,7,222,0
Kampong Speu,2022,Aug,8,178,0
Kampong Speu,2022,Sep,9,118,1
Kampong Speu,2022,Oct,10,129,0
Kampong Speu,2022,Nov,11,112,1
Kampong Speu,2022,Dec,12,32,0
Kampong Speu,2023,Jan,1,19,0
Kampong Speu,2023,Feb,2,12,0
Kampong Speu,2023,Mar,3,25,0
Kampong Speu,2023,Apr,4,31,0
Kampong Speu,2023,May,5,60,0
Kampong Speu,2023,Jun,6,155,1
Kampong Speu,2023,Jul,7,213,1
Kampong Speu,2023,Aug,8,323,1
Kampong Speu,2023,Sep,9,220,0
Kampong Speu,2023,Oct,10,182,0
Kampong Speu,2023,Nov,11,181,1
Kampong Speu,2023,Dec,12,112,1
Kampong Speu,2024,Jan,1,91,0
Kampong Speu,2024,Feb,2,49,0
Kampong Speu,2024,Mar,3,59,0
Kampong Speu,2024,Apr,4,35,0
Kampong Speu,2024,May,5,23,1
Kampong Speu,2024,Jun,6,25,0
Kampong Speu,2024,Jul,7,41,0
Kampong Speu,2024,Aug,8,82,0
Kampong Speu,2024,Sep,9,51,0
Kampong Speu,2024,Oct,10,62,0
Kampong Speu,2025,Jan,1,11,0
Kampong Speu,2025,Feb,2,10,0
Kampong Speu,2025,Mar,3,13,0
Kampong Speu,2025,Apr,4,32,0
Kampong Speu,2025,May,5,104,1
Kampong Speu,2025,Jun,6,452,1
Kampong Speu,2025,Jul,7,1276,1
Kampong Speu,2025,Aug,8,1287,0
Kampong Speu,2025,Sep,9,1011,1
Kampong Speu,2025,Oct,10,487,1
Kampong Speu,2025,Nov,11,285,0
Kampong Speu,2025,Dec,12,109,0
Kampong Speu,2026,Jan,1,238,0
Kampong Speu,2026,Feb,2,84,0
Kampong Speu,2026,Mar,3,88,0
Kampong Speu,2026,Apr,4,113,0
Kampong Speu,2026,May,5,192,0
Kampong Speu,2026,Jun,6,984,2
Kampong Speu,2026,Jul,7,1789,1
Kampong Thom,2018,Jan,1,6,0
Kampong Thom,2018,Feb,2,8,0
Kampong Thom,2018,Mar,3,29,0
Kampong Thom,2018,Apr,4,20,0
Kampong Thom,2018,May,5,63,0
Kampong Thom,2018,Jun,6,201,0
Kampong Thom,2018,Jul,7,229,0
Kampong Thom,2018,Aug,8,180,0
Kampong Thom,2018,Sep,9,82,0
Kampong Thom,2018,Oct,10,72,0
Kampong Thom,2018,Nov,11,84,0
Kampong Thom,2018,Dec,12,86,0
Kampong Thom,2019,Jan,1,133,0
Kampong Thom,2019,Feb,2,223,0
Kampong Thom,2019,Mar,3,316,0
Kampong Thom,2019,Apr,4,460,0
Kampong Thom,2019,May,5,773,1
Kampong Thom,2019,Jun,6,1493,2
Kampong Thom,2019,Jul,7,1697,3
Kampong Thom,2019,Aug,8,682,1
Kampong Thom,2019,Sep,9,195,0
Kampong Thom,2019,Oct,10,106,0
Kampong Thom,2019,Nov,11,50,0
Kampong Thom,2019,Dec,12,31,0
Kampong Thom,2020,Jan,1,40,0
Kampong Thom,2020,Feb,2,40,0
Kampong Thom,2020,Mar,3,29,0
Kampong Thom,2020,Apr,4,24,0
Kampong Thom,2020,May,5,56,0
Kampong Thom,2020,Jun,6,74,0
Kampong Thom,2020,Jul,7,136,0
Kampong Thom,2020,Aug,8,127,0
Kampong Thom,2020,Sep,9,60,0
Kampong Thom,2020,Oct,10,25,0
Kampong Thom,2020,Nov,11,21,0
Kampong Thom,2020,Dec,12,11,0
Kampong Thom,2021,Jan,1,5,0
Kampong Thom,2021,Feb,2,3,0
Kampong Thom,2021,Mar,3,4,0
Kampong Thom,2021,Apr,4,10,0
Kampong Thom,2021,May,5,2,0
Kampong Thom,2021,Jun,6,10,0
Kampong Thom,2021,Jul,7,5,0
Kampong Thom,2021,Sep,9,4,0
Kampong Thom,2021,Oct,10,2,0
Kampong Thom,2021,Nov,11,4,0
Kampong Thom,2021,Dec,12,1,0
Kampong Thom,2022,Feb,2,1,0
Kampong Thom,2022,Mar,3,8,0
Kampong Thom,2022,Apr,4,13,0
Kampong Thom,2022,May,5,76,0
Kampong Thom,2022,Jun,6,94,0
Kampong Thom,2022,Jul,7,76,0
Kampong Thom,2022,Aug,8,45,0
Kampong Thom,2022,Sep,9,36,0
Kampong Thom,2022,Oct,10,45,0
Kampong Thom,2022,Nov,11,43,0
Kampong Thom,2022,Dec,12,12,0
Kampong Thom,2023,Jan,1,20,0
Kampong Thom,2023,Feb,2,10,0
Kampong Thom,2023,Mar,3,16,0
Kampong Thom,2023,Apr,4,17,0
Kampong Thom,2023,May,5,51,0
Kampong Thom,2023,Jun,6,204,0
Kampong Thom,2023,Jul,7,354,1
Kampong Thom,2023,Aug,8,386,2
Kampong Thom,2023,Sep,9,315,2
Kampong Thom,2023,Oct,10,154,0
Kampong Thom,2023,Nov,11,205,1
Kampong Thom,2023,Dec,12,117,0
Kampong Thom,2024,Jan,1,73,0
Kampong Thom,2024,Feb,2,57,1
Kampong Thom,2024,Mar,3,93,2
Kampong Thom,2024,Apr,4,61,0
Kampong Thom,2024,May,5,15,0
Kampong Thom,2024,Jun,6,35,1
Kampong Thom,2024,Jul,7,122,0
Kampong Thom,2024,Aug,8,214,1
Kampong Thom,2024,Sep,9,116,0
Kampong Thom,2024,Oct,10,102,0
Kampong Thom,2024,Nov,11,3,0
Kampong Thom,2025,Jan,1,50,0
Kampong Thom,2025,Feb,2,43,0
Kampong Thom,2025,Mar,3,45,0
Kampong Thom,2025,Apr,4,76,0
Kampong Thom,2025,May,5,307,1
Kampong Thom,2025,Jun,6,928,5
Kampong Thom,2025,Jul,7,1354,2
Kampong Thom,2025,Aug,8,723,0
Kampong Thom,2025,Sep,9,355,0
Kampong Thom,2025,Oct,10,306,0
Kampong Thom,2025,Nov,11,185,0
Kampong Thom,2025,Dec,12,77,0
Kampong Thom,2026,Jan,1,69,0
Kampong Thom,2026,Feb,2,43,0
Kampong Thom,2026,Mar,3,51,0
Kampong Thom,2026,Apr,4,49,1
Kampong Thom,2026,May,5,156,0
Kampong Thom,2026,Jun,6,587,0
Kampong Thom,2026,Jul,7,1064,1
Kampot,2018,Jan,1,5,0
Kampot,2018,Feb,2,3,0
Kampot,2018,Mar,3,5,0
Kampot,2018,Apr,4,8,0
Kampot,2018,May,5,26,0
Kampot,2018,Jun,6,46,0
Kampot,2018,Jul,7,52,0
Kampot,2018,Aug,8,70,0
Kampot,2018,Sep,9,40,0
Kampot,2018,Oct,10,40,0
Kampot,2018,Nov,11,58,1
Kampot,2018,Dec,12,24,0
Kampot,2019,Jan,1,24,0
Kampot,2019,Feb,2,58,0
Kampot,2019,Mar,3,43,0
Kampot,2019,Apr,4,72,0
Kampot,2019,May,5,123,0
Kampot,2019,Jun,6,348,0
Kampot,2019,Jul,7,448,0
Kampot,2019,Aug,8,254,0
Kampot,2019,Sep,9,68,0
Kampot,2019,Oct,10,34,0
Kampot,2019,Nov,11,20,0
Kampot,2019,Dec,12,10,0
Kampot,2020,Jan,1,6,0
Kampot,2020,Feb,2,12,0
Kampot,2020,Mar,3,5,0
Kampot,2020,Apr,4,2,0
Kampot,2020,May,5,3,0
Kampot,2020,Jun,6,27,0
Kampot,2020,Jul,7,37,0
Kampot,2020,Aug,8,42,0
Kampot,2020,Sep,9,30,0
Kampot,2020,Oct,10,24,0
Kampot,2020,Nov,11,19,0
Kampot,2020,Dec,12,6,0
Kampot,2021,Jan,1,5,0
Kampot,2021,Feb,2,1,0
Kampot,2021,Apr,4,1,0
Kampot,2021,May,5,1,0
Kampot,2021,Jul,7,3,0
Kampot,2021,Aug,8,2,0
Kampot,2021,Sep,9,2,0
Kampot,2021,Oct,10,2,0
Kampot,2021,Nov,11,1,0
Kampot,2021,Dec,12,2,0
Kampot,2022,Jan,1,2,0
Kampot,2022,Feb,2,9,0
Kampot,2022,Mar,3,5,0
Kampot,2022,Apr,4,3,0
Kampot,2022,May,5,7,0
Kampot,2022,Jun,6,14,0
Kampot,2022,Jul,7,29,0
Kampot,2022,Aug,8,25,0
Kampot,2022,Sep,9,22,0
Kampot,2022,Oct,10,73,0
Kampot,2022,Nov,11,38,0
Kampot,2022,Dec,12,15,0
Kampot,2023,Jan,1,2,0
Kampot,2023,Feb,2,5,0
Kampot,2023,Mar,3,2,0
Kampot,2023,Apr,4,6,0
Kampot,2023,May,5,14,0
Kampot,2023,Jun,6,45,0
Kampot,2023,Jul,7,55,0
Kampot,2023,Aug,8,73,0
Kampot,2023,Sep,9,73,0
Kampot,2023,Oct,10,80,0
Kampot,2023,Nov,11,87,0
Kampot,2023,Dec,12,41,0
Kampot,2024,Jan,1,38,0
Kampot,2024,Feb,2,27,0
Kampot,2024,Mar,3,13,0
Kampot,2024,Apr,4,18,0
Kampot,2024,May,5,25,0
Kampot,2024,Jun,6,77,0
Kampot,2024,Jul,7,168,0
Kampot,2024,Aug,8,297,0
Kampot,2024,Sep,9,217,0
Kampot,2024,Oct,10,158,0
Kampot,2024,Nov,11,2,0
Kampot,2025,Jan,1,17,0
Kampot,2025,Feb,2,11,0
Kampot,2025,Mar,3,9,0
Kampot,2025,Apr,4,11,0
Kampot,2025,May,5,61,0
Kampot,2025,Jun,6,96,0
Kampot,2025,Jul,7,201,0
Kampot,2025,Aug,8,171,0
Kampot,2025,Sep,9,167,0
Kampot,2025,Oct,10,145,0
Kampot,2025,Nov,11,108,0
Kampot,2025,Dec,12,48,0
Kampot,2026,Jan,1,27,0
Kampot,2026,Feb,2,20,0
Kampot,2026,Mar,3,25,0
Kampot,2026,Apr,4,15,0
Kampot,2026,May,5,40,0
Kampot,2026,Jun,6,144,0
Kampot,2026,Jul,7,193,0
Kandal,2018,Jan,1,42,0
Kandal,2018,Feb,2,39,0
Kandal,2018,Mar,3,54,0
Kandal,2018,Apr,4,67,0
Kandal,2018,May,5,121,0
Kandal,2018,Jun,6,293,0
Kandal,2018,Jul,7,570,3
Kandal,2018,Aug,8,642,0
Kandal,2018,Sep,9,479,0
Kandal,2018,Oct,10,397,0
Kandal,2018,Nov,11,443,0
Kandal,2018,Dec,12,338,0
Kandal,2019,Jan,1,317,1
Kandal,2019,Feb,2,177,0
Kandal,2019,Mar,3,195,1
Kandal,2019,Apr,4,228,0
Kandal,2019,May,5,432,0
Kandal,2019,Jun,6,959,1
Kandal,2019,Jul,7,1347,3
Kandal,2019,Aug,8,1085,3
Kandal,2019,Sep,9,575,2
Kandal,2019,Oct,10,506,0
Kandal,2019,Nov,11,327,0
Kandal,2019,Dec,12,160,0
Kandal,2020,Jan,1,121,0
Kandal,2020,Feb,2,79,0
Kandal,2020,Mar,3,53,0
Kandal,2020,Apr,4,37,0
Kandal,2020,May,5,82,0
Kandal,2020,Jun,6,80,0
Kandal,2020,Jul,7,135,0
Kandal,2020,Aug,8,204,1
Kandal,2020,Sep,9,181,2
Kandal,2020,Oct,10,136,1
Kandal,2020,Nov,11,96,0
Kandal,2020,Dec,12,76,0
Kandal,2021,Jan,1,26,0
Kandal,2021,Feb,2,19,0
Kandal,2021,Mar,3,15,0
Kandal,2021,Apr,4,12,0
Kandal,2021,May,5,4,0
Kandal,2021,Jun,6,19,0
Kandal,2021,Jul,7,15,0
Kandal,2021,Aug,8,24,0
Kandal,2021,Sep,9,30,0
Kandal,2021,Oct,10,22,0
Kandal,2021,Nov,11,39,0
Kandal,2021,Dec,12,30,0
Kandal,2022,Jan,1,32,0
Kandal,2022,Feb,2,14,0
Kandal,2022,Mar,3,26,0
Kandal,2022,Apr,4,45,0
Kandal,2022,May,5,157,1
Kandal,2022,Jun,6,321,1
Kandal,2022,Jul,7,300,1
Kandal,2022,Aug,8,319,0
Kandal,2022,Sep,9,243,0
Kandal,2022,Oct,10,290,0
Kandal,2022,Nov,11,260,1
Kandal,2022,Dec,12,199,2
Kandal,2023,Jan,1,121,0
Kandal,2023,Feb,2,80,1
Kandal,2023,Mar,3,128,0
Kandal,2023,Apr,4,145,0
Kandal,2023,May,5,176,1
Kandal,2023,Jun,6,409,1
Kandal,2023,Jul,7,515,1
Kandal,2023,Aug,8,583,0
Kandal,2023,Sep,9,417,1
Kandal,2023,Oct,10,418,0
Kandal,2023,Nov,11,444,1
Kandal,2023,Dec,12,422,4
Kandal,2024,Jan,1,341,1
Kandal,2024,Feb,2,172,0
Kandal,2024,Mar,3,119,1
Kandal,2024,Apr,4,46,0
Kandal,2024,May,5,38,0
Kandal,2024,Jun,6,44,0
Kandal,2024,Jul,7,123,0
Kandal,2024,Aug,8,102,0
Kandal,2024,Sep,9,72,0
Kandal,2024,Oct,10,74,0
Kandal,2025,Jan,1,45,0
Kandal,2025,Feb,2,46,0
Kandal,2025,Mar,3,64,0
Kandal,2025,Apr,4,83,0
Kandal,2025,May,5,225,0
Kandal,2025,Jun,6,518,0
Kandal,2025,Jul,7,969,1
Kandal,2025,Aug,8,883,0
Kandal,2025,Sep,9,714,1
Kandal,2025,Oct,10,790,0
Kandal,2025,Nov,11,600,1
Kandal,2025,Dec,12,362,1
Kandal,2026,Jan,1,414,1
Kandal,2026,Feb,2,193,0
Kandal,2026,Mar,3,342,0
Kandal,2026,Apr,4,449,1
Kandal,2026,May,5,562,2
Kandal,2026,Jun,6,1592,2
Kandal,2026,Jul,7,2563,8
Kep,2018,Feb,2,1,0
Kep,2018,Mar,3,2,0
Kep,2018,Apr,4,2,0
Kep,2018,May,5,7,0
Kep,2018,Jun,6,6,0
Kep,2018,Jul,7,5,0
Kep,2018,Aug,8,2,0
Kep,2018,Sep,9,3,0
Kep,2018,Oct,10,2,0
Kep,2018,Dec,12,1,0
Kep,2019,Jan,1,3,0
Kep,2019,Feb,2,19,0
Kep,2019,Mar,3,9,0
Kep,2019,Apr,4,6,0
Kep,2019,May,5,4,0
Kep,2019,Jun,6,35,0
Kep,2019,Jul,7,123,0
Kep,2019,Aug,8,19,0
Kep,2019,Sep,9,7,0
Kep,2019,Oct,10,2,0
Kep,2019,Nov,11,3,0
Kep,2020,Jun,6,1,0
Kep,2020,Jul,7,3,0
Kep,2020,Aug,8,6,0
Kep,2020,Sep,9,2,0
Kep,2020,Nov,11,2,0
Kep,2022,Sep,9,1,0
Kep,2022,Oct,10,2,0
Kep,2022,Nov,11,1,0
Kep,2023,Apr,4,2,0
Kep,2023,Aug,8,3,0
Kep,2023,Sep,9,8,0
Kep,2023,Oct,10,10,0
Kep,2023,Nov,11,9,0
Kep,2023,Dec,12,1,0
Kep,2024,Jan,1,2,0
Kep,2024,Feb,2,1,0
Kep,2024,Mar,3,1,0
Kep,2024,May,5,1,0
Kep,2024,Jun,6,11,0
Kep,2024,Jul,7,11,0
Kep,2024,Aug,8,28,0
Kep,2024,Sep,9,16,0
Kep,2024,Oct,10,20,0
Kep,2025,Jan,1,4,0
Kep,2025,Feb,2,6,0
Kep,2025,Mar,3,4,0
Kep,2025,Apr,4,4,0
Kep,2025,May,5,23,0
Kep,2025,Jun,6,35,0
Kep,2025,Jul,7,41,0
Kep,2025,Aug,8,44,0
Kep,2025,Sep,9,31,0
Kep,2025,Oct,10,24,0
Kep,2025,Nov,11,24,0
Kep,2025,Dec,12,1,0
Kep,2026,Jan,1,15,0
Kep,2026,Feb,2,5,0
Kep,2026,Mar,3,3,0
Kep,2026,Apr,4,10,0
Kep,2026,May,5,36,0
Kep,2026,Jun,6,60,0
Kep,2026,Jul,7,45,0
Koh Kong,2018,Feb,2,4,0
Koh Kong,2018,Apr,4,4,0
Koh Kong,2018,May,5,9,0
Koh Kong,2018,Jun,6,5,0
Koh Kong,2018,Jul,7,6,0
Koh Kong,2018,Aug,8,7,0
Koh Kong,2018,Sep,9,3,0
Koh Kong,2018,Oct,10,4,0
Koh Kong,2018,Nov,11,3,0
Koh Kong,2018,Dec,12,6,0
Koh Kong,2019,Jan,1,7,0
Koh Kong,2019,Feb,2,13,0
Koh Kong,2019,Mar,3,27,0
Koh Kong,2019,Apr,4,28,0
Koh Kong,2019,May,5,66,0
Koh Kong,2019,Jun,6,70,0
Koh Kong,2019,Jul,7,108,1
Koh Kong,2019,Aug,8,34,0
Koh Kong,2019,Sep,9,14,0
Koh Kong,2019,Oct,10,6,0
Koh Kong,2019,Nov,11,7,0
Koh Kong,2019,Dec,12,12,0
Koh Kong,2020,Jan,1,5,0
Koh Kong,2020,Feb,2,8,0
Koh Kong,2020,Mar,3,2,0
Koh Kong,2020,Apr,4,3,0
Koh Kong,2020,May,5,7,0
Koh Kong,2020,Jun,6,7,0
Koh Kong,2020,Jul,7,5,0
Koh Kong,2020,Aug,8,7,0
Koh Kong,2020,Sep,9,12,0
Koh Kong,2020,Oct,10,7,0
Koh Kong,2020,Nov,11,13,0
Koh Kong,2020,Dec,12,10,0
Koh Kong,2021,Jan,1,1,0
Koh Kong,2021,Oct,10,1,0
Koh Kong,2021,Dec,12,1,0
Koh Kong,2022,Jan,1,1,0
Koh Kong,2022,Apr,4,2,0
Koh Kong,2022,May,5,1,0
Koh Kong,2022,Jun,6,3,0
Koh Kong,2022,Jul,7,4,0
Koh Kong,2022,Aug,8,1,0
Koh Kong,2022,Oct,10,1,0
Koh Kong,2022,Nov,11,4,0
Koh Kong,2022,Dec,12,2,0
Koh Kong,2023,May,5,1,0
Koh Kong,2023,Jun,6,11,0
Koh Kong,2023,Jul,7,3,0
Koh Kong,2023,Aug,8,5,0
Koh Kong,2023,Sep,9,3,0
Koh Kong,2023,Oct,10,12,0
Koh Kong,2023,Nov,11,6,1
Koh Kong,2023,Dec,12,10,0
Koh Kong,2024,Jan,1,14,0
Koh Kong,2024,Feb,2,10,0
Koh Kong,2024,Mar,3,13,0
Koh Kong,2024,Apr,4,17,0
Koh Kong,2024,May,5,37,1
Koh Kong,2024,Jun,6,43,0
Koh Kong,2024,Jul,7,51,1
Koh Kong,2024,Aug,8,30,0
Koh Kong,2024,Sep,9,25,0
Koh Kong,2024,Oct,10,22,0
Koh Kong,2025,Jan,1,12,0
Koh Kong,2025,Feb,2,9,0
Koh Kong,2025,Mar,3,10,0
Koh Kong,2025,Apr,4,14,0
Koh Kong,2025,May,5,28,0
Koh Kong,2025,Jun,6,53,0
Koh Kong,2025,Jul,7,81,0
Koh Kong,2025,Aug,8,68,0
Koh Kong,2025,Sep,9,30,0
Koh Kong,2025,Oct,10,57,0
Koh Kong,2025,Nov,11,49,0
Koh Kong,2025,Dec,12,12,0
Koh Kong,2026,Jan,1,12,0
Koh Kong,2026,Feb,2,4,0
Koh Kong,2026,Mar,3,9,0
Koh Kong,2026,Apr,4,33,0
Koh Kong,2026,May,5,75,0
Koh Kong,2026,Jun,6,221,1
Koh Kong,2026,Jul,7,253,1
Kratie,2018,Jan,1,3,0
Kratie,2018,Mar,3,2,1
Kratie,2018,Apr,4,21,1
Kratie,2018,May,5,44,1
Kratie,2018,Jun,6,44,0
Kratie,2018,Jul,7,60,0
Kratie,2018,Aug,8,48,0
Kratie,2018,Sep,9,29,0
Kratie,2018,Oct,10,11,0
Kratie,2018,Nov,11,9,0
Kratie,2018,Dec,12,13,0
Kratie,2019,Jan,1,18,0
Kratie,2019,Feb,2,50,1
Kratie,2019,Mar,3,50,0
Kratie,2019,Apr,4,59,1
Kratie,2019,May,5,92,1
Kratie,2019,Jun,6,83,0
Kratie,2019,Jul,7,82,0
Kratie,2019,Aug,8,36,0
Kratie,2019,Sep,9,17,0
Kratie,2019,Oct,10,4,0
Kratie,2019,Nov,11,3,0
Kratie,2019,Dec,12,1,0
Kratie,2020,Jan,1,8,0
Kratie,2020,Feb,2,4,0
Kratie,2020,Mar,3,9,0
Kratie,2020,Apr,4,4,0
Kratie,2020,May,5,9,0
Kratie,2020,Jun,6,13,0
Kratie,2020,Jul,7,29,0
Kratie,2020,Aug,8,29,0
Kratie,2020,Sep,9,21,1
Kratie,2020,Oct,10,19,0
Kratie,2020,Nov,11,1,0
Kratie,2020,Dec,12,2,0
Kratie,2021,Jan,1,2,0
Kratie,2021,Mar,3,3,0
Kratie,2021,Apr,4,1,0
Kratie,2021,May,5,6,0
Kratie,2021,Jun,6,10,0
Kratie,2021,Jul,7,8,0
Kratie,2021,Aug,8,6,1
Kratie,2021,Sep,9,1,0
Kratie,2021,Oct,10,5,0
Kratie,2021,Nov,11,1,0
Kratie,2021,Dec,12,2,0
Kratie,2022,Jan,1,5,0
Kratie,2022,Feb,2,2,0
Kratie,2022,Mar,3,3,0
Kratie,2022,Apr,4,3,0
Kratie,2022,May,5,8,0
Kratie,2022,Jun,6,11,0
Kratie,2022,Jul,7,21,0
Kratie,2022,Aug,8,12,0
Kratie,2022,Sep,9,16,0
Kratie,2022,Oct,10,11,0
Kratie,2022,Nov,11,11,0
Kratie,2022,Dec,12,11,0
Kratie,2023,Jan,1,5,0
Kratie,2023,Feb,2,6,0
Kratie,2023,Mar,3,8,0
Kratie,2023,Apr,4,13,0
Kratie,2023,May,5,22,0
Kratie,2023,Jun,6,88,1
Kratie,2023,Jul,7,140,1
Kratie,2023,Aug,8,135,0
Kratie,2023,Sep,9,89,0
Kratie,2023,Oct,10,64,0
Kratie,2023,Nov,11,69,0
Kratie,2023,Dec,12,52,0
Kratie,2024,Jan,1,99,1
Kratie,2024,Feb,2,66,0
Kratie,2024,Mar,3,88,0
Kratie,2024,Apr,4,41,1
Kratie,2024,May,5,27,0
Kratie,2024,Jun,6,76,0
Kratie,2024,Jul,7,158,1
Kratie,2024,Aug,8,298,2
Kratie,2024,Sep,9,123,0
Kratie,2024,Oct,10,114,0
Kratie,2024,Nov,11,2,0
Kratie,2025,Jan,1,25,0
Kratie,2025,Feb,2,25,0
Kratie,2025,Mar,3,61,0
Kratie,2025,Apr,4,62,0
Kratie,2025,May,5,158,0
Kratie,2025,Jun,6,309,2
Kratie,2025,Jul,7,426,3
Kratie,2025,Aug,8,413,0
Kratie,2025,Sep,9,153,0
Kratie,2025,Oct,10,131,1
Kratie,2025,Nov,11,130,0
Kratie,2025,Dec,12,34,0
Kratie,2026,Jan,1,29,0
Kratie,2026,Feb,2,8,0
Kratie,2026,Mar,3,15,0
Kratie,2026,Apr,4,20,0
Kratie,2026,May,5,63,1
Kratie,2026,Jun,6,382,2
Kratie,2026,Jul,7,594,0
Mondul Kiri,2018,Jun,6,5,0
Mondul Kiri,2018,Aug,8,9,0
Mondul Kiri,2018,Sep,9,3,0
Mondul Kiri,2018,Oct,10,2,0
Mondul Kiri,2018,Nov,11,1,0
Mondul Kiri,2018,Dec,12,2,0
Mondul Kiri,2019,Jan,1,1,0
Mondul Kiri,2019,Feb,2,8,0
Mondul Kiri,2019,Mar,3,2,0
Mondul Kiri,2019,Apr,4,6,0
Mondul Kiri,2019,May,5,247,0
Mondul Kiri,2019,Jun,6,448,0
Mondul Kiri,2019,Jul,7,407,0
Mondul Kiri,2019,Aug,8,95,1
Mondul Kiri,2019,Sep,9,24,0
Mondul Kiri,2019,Oct,10,12,0
Mondul Kiri,2019,Nov,11,8,0
Mondul Kiri,2020,Jan,1,1,0
Mondul Kiri,2020,Mar,3,1,0
Mondul Kiri,2020,Jul,7,3,1
Mondul Kiri,2020,Aug,8,1,0
Mondul Kiri,2020,Oct,10,1,0
Mondul Kiri,2021,Jun,6,1,0
Mondul Kiri,2021,Aug,8,2,0
Mondul Kiri,2021,Dec,12,1,0
Mondul Kiri,2022,May,5,2,0
Mondul Kiri,2022,Jun,6,1,0
Mondul Kiri,2022,Jul,7,3,0
Mondul Kiri,2022,Aug,8,1,0
Mondul Kiri,2022,Sep,9,1,0
Mondul Kiri,2022,Oct,10,4,0
Mondul Kiri,2022,Nov,11,2,0
Mondul Kiri,2023,Jan,1,1,0
Mondul Kiri,2023,May,5,8,0
Mondul Kiri,2023,Jun,6,16,0
Mondul Kiri,2023,Jul,7,19,0
Mondul Kiri,2023,Aug,8,30,1
Mondul Kiri,2023,Sep,9,60,0
Mondul Kiri,2023,Oct,10,45,0
Mondul Kiri,2023,Nov,11,9,0
Mondul Kiri,2023,Dec,12,11,0
Mondul Kiri,2024,Jan,1,3,0
Mondul Kiri,2024,Mar,3,3,0
Mondul Kiri,2024,May,5,41,0
Mondul Kiri,2024,Jun,6,121,0
Mondul Kiri,2024,Jul,7,200,0
Mondul Kiri,2024,Aug,8,127,0
Mondul Kiri,2024,Sep,9,60,0
Mondul Kiri,2024,Oct,10,21,0
Mondul Kiri,2025,Jan,1,2,0
Mondul Kiri,2025,Mar,3,2,0
Mondul Kiri,2025,Apr,4,5,0
Mondul Kiri,2025,May,5,15,0
Mondul Kiri,2025,Jun,6,47,0
Mondul Kiri,2025,Jul,7,69,0
Mondul Kiri,2025,Aug,8,55,0
Mondul Kiri,2025,Sep,9,34,0
Mondul Kiri,2025,Oct,10,48,0
Mondul Kiri,2025,Nov,11,11,0
Mondul Kiri,2025,Dec,12,9,0
Mondul Kiri,2026,Jan,1,6,0
Mondul Kiri,2026,Feb,2,0,0
Mondul Kiri,2026,Mar,3,2,0
Mondul Kiri,2026,Apr,4,7,0
Mondul Kiri,2026,May,5,116,0
Mondul Kiri,2026,Jun,6,383,0
Mondul Kiri,2026,Jul,7,423,0
Otdar Meanchey,2018,Feb,2,2,0
Otdar Meanchey,2018,Mar,3,5,0
Otdar Meanchey,2018,Apr,4,11,0
Otdar Meanchey,2018,May,5,33,0
Otdar Meanchey,2018,Jun,6,78,0
Otdar Meanchey,2018,Jul,7,95,0
Otdar Meanchey,2018,Aug,8,69,0
Otdar Meanchey,2018,Sep,9,28,0
Otdar Meanchey,2018,Oct,10,31,0
Otdar Meanchey,2018,Nov,11,33,0
Otdar Meanchey,2018,Dec,12,31,0
Otdar Meanchey,2019,Jan,1,33,0
Otdar Meanchey,2019,Feb,2,46,0
Otdar Meanchey,2019,Mar,3,90,0
Otdar Meanchey,2019,Apr,4,110,0
Otdar Meanchey,2019,May,5,201,0
Otdar Meanchey,2019,Jun,6,519,0
Otdar Meanchey,2019,Jul,7,695,0
Otdar Meanchey,2019,Aug,8,369,0
Otdar Meanchey,2019,Sep,9,139,1
Otdar Meanchey,2019,Oct,10,76,0
Otdar Meanchey,2019,Nov,11,22,0
Otdar Meanchey,2019,Dec,12,5,0
Otdar Meanchey,2020,Jan,1,2,0
Otdar Meanchey,2020,Feb,2,1,0
Otdar Meanchey,2020,Mar,3,1,0
Otdar Meanchey,2020,May,5,5,0
Otdar Meanchey,2020,Jun,6,5,0
Otdar Meanchey,2020,Jul,7,27,0
Otdar Meanchey,2020,Aug,8,31,0
Otdar Meanchey,2020,Sep,9,11,0
Otdar Meanchey,2020,Oct,10,7,0
Otdar Meanchey,2020,Nov,11,3,0
Otdar Meanchey,2020,Dec,12,1,0
Otdar Meanchey,2021,Jun,6,2,0
Otdar Meanchey,2022,Feb,2,1,0
Otdar Meanchey,2022,May,5,1,0
Otdar Meanchey,2022,Jun,6,20,0
Otdar Meanchey,2022,Jul,7,24,0
Otdar Meanchey,2022,Aug,8,22,0
Otdar Meanchey,2022,Sep,9,11,0
Otdar Meanchey,2022,Oct,10,9,0
Otdar Meanchey,2022,Nov,11,10,0
Otdar Meanchey,2022,Dec,12,8,0
Otdar Meanchey,2023,Jan,1,3,0
Otdar Meanchey,2023,Feb,2,2,0
Otdar Meanchey,2023,Mar,3,2,0
Otdar Meanchey,2023,Apr,4,1,0
Otdar Meanchey,2023,May,5,6,0
Otdar Meanchey,2023,Jun,6,18,0
Otdar Meanchey,2023,Jul,7,46,0
Otdar Meanchey,2023,Aug,8,79,0
Otdar Meanchey,2023,Sep,9,75,0
Otdar Meanchey,2023,Oct,10,43,0
Otdar Meanchey,2023,Nov,11,33,1
Otdar Meanchey,2023,Dec,12,39,0
Otdar Meanchey,2024,Jan,1,62,0
Otdar Meanchey,2024,Feb,2,48,0
Otdar Meanchey,2024,Mar,3,56,0
Otdar Meanchey,2024,Apr,4,27,1
Otdar Meanchey,2024,May,5,3,0
Otdar Meanchey,2024,Jun,6,7,0
Otdar Meanchey,2024,Jul,7,13,0
Otdar Meanchey,2024,Aug,8,74,1
Otdar Meanchey,2024,Sep,9,99,0
Otdar Meanchey,2024,Oct,10,67,0
Otdar Meanchey,2024,Nov,11,1,0
Otdar Meanchey,2025,Jan,1,11,0
Otdar Meanchey,2025,Feb,2,8,0
Otdar Meanchey,2025,Mar,3,11,0
Otdar Meanchey,2025,Apr,4,23,0
Otdar Meanchey,2025,May,5,149,0
Otdar Meanchey,2025,Jun,6,379,0
Otdar Meanchey,2025,Jul,7,587,0
Otdar Meanchey,2025,Aug,8,282,0
Otdar Meanchey,2025,Sep,9,133,1
Otdar Meanchey,2025,Oct,10,108,0
Otdar Meanchey,2025,Nov,11,39,0
Otdar Meanchey,2025,Dec,12,7,0
Otdar Meanchey,2026,Jan,1,20,0
Otdar Meanchey,2026,Feb,2,2,0
Otdar Meanchey,2026,Mar,3,3,0
Otdar Meanchey,2026,Apr,4,2,0
Otdar Meanchey,2026,May,5,16,0
Otdar Meanchey,2026,Jun,6,88,0
Otdar Meanchey,2026,Jul,7,152,0
Pailin,2018,May,5,1,0
Pailin,2018,Jun,6,11,0
Pailin,2018,Jul,7,15,0
Pailin,2018,Aug,8,16,0
Pailin,2018,Sep,9,7,0
Pailin,2018,Oct,10,6,0
Pailin,2018,Nov,11,24,0
Pailin,2018,Dec,12,6,0
Pailin,2019,Jan,1,20,0
Pailin,2019,Feb,2,13,0
Pailin,2019,Mar,3,14,0
Pailin,2019,Apr,4,22,1
Pailin,2019,May,5,120,0
Pailin,2019,Jun,6,78,0
Pailin,2019,Jul,7,125,0
Pailin,2019,Aug,8,55,0
Pailin,2019,Sep,9,15,0
Pailin,2019,Oct,10,37,0
Pailin,2019,Nov,11,23,0
Pailin,2019,Dec,12,9,0
Pailin,2020,Jan,1,7,0
Pailin,2020,Feb,2,6,0
Pailin,2020,Mar,3,4,0
Pailin,2020,Apr,4,5,0
Pailin,2020,May,5,3,0
Pailin,2020,Jun,6,8,0
Pailin,2020,Jul,7,21,0
Pailin,2020,Aug,8,9,0
Pailin,2020,Sep,9,7,0
Pailin,2020,Oct,10,5,0
Pailin,2020,Nov,11,3,0
Pailin,2020,Dec,12,1,0
Pailin,2021,Sep,9,1,0
Pailin,2021,Dec,12,1,0
Pailin,2022,Jun,6,1,0
Pailin,2022,Aug,8,6,0
Pailin,2022,Sep,9,1,0
Pailin,2023,Jan,1,1,0
Pailin,2023,Mar,3,1,0
Pailin,2023,May,5,5,0
Pailin,2023,Jun,6,16,0
Pailin,2023,Jul,7,39,1
Pailin,2023,Aug,8,53,0
Pailin,2023,Sep,9,72,0
Pailin,2023,Oct,10,60,0
Pailin,2023,Nov,11,43,0
Pailin,2023,Dec,12,37,1
Pailin,2024,Jan,1,25,0
Pailin,2024,Feb,2,13,0
Pailin,2024,Mar,3,4,0
Pailin,2024,Apr,4,8,1
Pailin,2024,May,5,3,0
Pailin,2024,Jun,6,8,0
Pailin,2024,Jul,7,10,0
Pailin,2024,Aug,8,32,0
Pailin,2024,Sep,9,27,0
Pailin,2024,Oct,10,54,0
Pailin,2025,Jan,1,15,0
Pailin,2025,Feb,2,1,0
Pailin,2025,Apr,4,2,0
Pailin,2025,May,5,6,0
Pailin,2025,Jun,6,20,0
Pailin,2025,Jul,7,15,0
Pailin,2025,Aug,8,17,0
Pailin,2025,Sep,9,45,0
Pailin,2025,Oct,10,30,0
Pailin,2025,Nov,11,35,0
Pailin,2025,Dec,12,7,0
Pailin,2026,Jan,1,21,0
Pailin,2026,Feb,2,4,0
Pailin,2026,Mar,3,0,0
Pailin,2026,Apr,4,0,0
Pailin,2026,May,5,2,0
Pailin,2026,Jun,6,13,0
Pailin,2026,Jul,7,72,0
Phnom Penh,2018,Jan,1,283,1
Phnom Penh,2018,Feb,2,165,1
Phnom Penh,2018,Mar,3,174,0
Phnom Penh,2018,Apr,4,168,0
Phnom Penh,2018,May,5,247,1
Phnom Penh,2018,Jun,6,664,0
Phnom Penh,2018,Jul,7,1308,2
Phnom Penh,2018,Aug,8,1447,0
Phnom Penh,2018,Sep,9,1201,0
Phnom Penh,2018,Oct,10,1260,0
Phnom Penh,2018,Nov,11,1409,1
Phnom Penh,2018,Dec,12,1115,0
Phnom Penh,2019,Jan,1,737,0
Phnom Penh,2019,Feb,2,375,1
Phnom Penh,2019,Mar,3,267,0
Phnom Penh,2019,Apr,4,251,0
Phnom Penh,2019,May,5,467,1
Phnom Penh,2019,Jun,6,1325,1
Phnom Penh,2019,Jul,7,1588,4
Phnom Penh,2019,Aug,8,1270,3
Phnom Penh,2019,Sep,9,836,0
Phnom Penh,2019,Oct,10,910,0
Phnom Penh,2019,Nov,11,806,0
Phnom Penh,2019,Dec,12,465,1
Phnom Penh,2020,Jan,1,374,0
Phnom Penh,2020,Feb,2,133,0
Phnom Penh,2020,Mar,3,84,0
Phnom Penh,2020,Apr,4,44,0
Phnom Penh,2020,May,5,66,0
Phnom Penh,2020,Jun,6,65,0
Phnom Penh,2020,Jul,7,176,0
Phnom Penh,2020,Aug,8,338,0
Phnom Penh,2020,Sep,9,349,1
Phnom Penh,2020,Oct,10,317,0
Phnom Penh,2020,Nov,11,342,0
Phnom Penh,2020,Dec,12,277,0
Phnom Penh,2021,Jan,1,109,0
Phnom Penh,2021,Feb,2,54,0
Phnom Penh,2021,Mar,3,55,0
Phnom Penh,2021,Apr,4,32,0
Phnom Penh,2021,May,5,25,0
Phnom Penh,2021,Jun,6,31,0
Phnom Penh,2021,Jul,7,18,0
Phnom Penh,2021,Aug,8,40,0
Phnom Penh,2021,Sep,9,70,0
Phnom Penh,2021,Oct,10,70,0
Phnom Penh,2021,Nov,11,86,0
Phnom Penh,2021,Dec,12,94,0
Phnom Penh,2022,Jan,1,75,0
Phnom Penh,2022,Feb,2,39,0
Phnom Penh,2022,Mar,3,57,0
Phnom Penh,2022,Apr,4,29,0
Phnom Penh,2022,May,5,81,0
Phnom Penh,2022,Jun,6,142,0
Phnom Penh,2022,Jul,7,227,0
Phnom Penh,2022,Aug,8,277,0
Phnom Penh,2022,Sep,9,362,0
Phnom Penh,2022,Oct,10,510,1
Phnom Penh,2022,Nov,11,413,0
Phnom Penh,2022,Dec,12,290,0
Phnom Penh,2023,Jan,1,173,0
Phnom Penh,2023,Feb,2,114,0
Phnom Penh,2023,Mar,3,117,0
Phnom Penh,2023,Apr,4,145,0
Phnom Penh,2023,May,5,219,0
Phnom Penh,2023,Jun,6,403,0
Phnom Penh,2023,Jul,7,408,2
Phnom Penh,2023,Aug,8,455,0
Phnom Penh,2023,Sep,9,424,0
Phnom Penh,2023,Oct,10,543,2
Phnom Penh,2023,Nov,11,841,2
Phnom Penh,2023,Dec,12,827,3
Phnom Penh,2024,Jan,1,571,0
Phnom Penh,2024,Feb,2,310,0
Phnom Penh,2024,Mar,3,178,0
Phnom Penh,2024,Apr,4,105,0
Phnom Penh,2024,May,5,83,0
Phnom Penh,2024,Jun,6,115,0
Phnom Penh,2024,Jul,7,261,0
Phnom Penh,2024,Aug,8,228,0
Phnom Penh,2024,Sep,9,195,0
Phnom Penh,2024,Oct,10,201,0
Phnom Penh,2024,Nov,11,1,0
Phnom Penh,2025,Jan,1,145,1
Phnom Penh,2025,Feb,2,93,0
Phnom Penh,2025,Mar,3,129,0
Phnom Penh,2025,Apr,4,110,0
Phnom Penh,2025,May,5,254,0
Phnom Penh,2025,Jun,6,467,2
Phnom Penh,2025,Jul,7,1192,1
Phnom Penh,2025,Aug,8,1438,2
Phnom Penh,2025,Sep,9,1479,0
Phnom Penh,2025,Oct,10,1816,1
Phnom Penh,2025,Nov,11,1905,1
Phnom Penh,2025,Dec,12,1081,3
Phnom Penh,2026,Jan,1,984,0
Phnom Penh,2026,Feb,2,343,0
Phnom Penh,2026,Mar,3,246,0
Phnom Penh,2026,Apr,4,252,0
Phnom Penh,2026,May,5,253,0
Phnom Penh,2026,Jun,6,490,0
Phnom Penh,2026,Jul,7,938,2
Preah Sihanouk,2018,Jan,1,7,0
Preah Sihanouk,2018,Feb,2,11,0
Preah Sihanouk,2018,Mar,3,7,0
Preah Sihanouk,2018,Apr,4,6,0
Preah Sihanouk,2018,May,5,20,0
Preah Sihanouk,2018,Jun,6,13,0
Preah Sihanouk,2018,Jul,7,19,0
Preah Sihanouk,2018,Aug,8,24,0
Preah Sihanouk,2018,Sep,9,14,0
Preah Sihanouk,2018,Oct,10,21,0
Preah Sihanouk,2018,Nov,11,30,0
Preah Sihanouk,2018,Dec,12,31,0
Preah Sihanouk,2019,Jan,1,87,1
Preah Sihanouk,2019,Feb,2,106,0
Preah Sihanouk,2019,Mar,3,71,1
Preah Sihanouk,2019,Apr,4,89,1
Preah Sihanouk,2019,May,5,200,0
Preah Sihanouk,2019,Jun,6,248,0
Preah Sihanouk,2019,Jul,7,377,0
Preah Sihanouk,2019,Aug,8,246,0
Preah Sihanouk,2019,Sep,9,109,0
Preah Sihanouk,2019,Oct,10,123,0
Preah Sihanouk,2019,Nov,11,67,0
Preah Sihanouk,2019,Dec,12,47,0
Preah Sihanouk,2020,Jan,1,39,0
Preah Sihanouk,2020,Feb,2,26,0
Preah Sihanouk,2020,Mar,3,23,0
Preah Sihanouk,2020,Apr,4,24,0
Preah Sihanouk,2020,May,5,27,0
Preah Sihanouk,2020,Jun,6,51,1
Preah Sihanouk,2020,Jul,7,57,0
Preah Sihanouk,2020,Aug,8,47,0
Preah Sihanouk,2020,Sep,9,19,0
Preah Sihanouk,2020,Oct,10,13,0
Preah Sihanouk,2020,Nov,11,10,0
Preah Sihanouk,2020,Dec,12,6,0
Preah Sihanouk,2021,Feb,2,1,0
Preah Sihanouk,2021,Mar,3,3,0
Preah Sihanouk,2021,May,5,6,0
Preah Sihanouk,2021,Jun,6,7,0
Preah Sihanouk,2021,Jul,7,3,0
Preah Sihanouk,2021,Aug,8,1,0
Preah Sihanouk,2021,Sep,9,2,0
Preah Sihanouk,2021,Oct,10,1,0
Preah Sihanouk,2021,Nov,11,3,0
Preah Sihanouk,2021,Dec,12,2,0
Preah Sihanouk,2022,Jan,1,3,0
Preah Sihanouk,2022,Feb,2,6,0
Preah Sihanouk,2022,Mar,3,4,1
Preah Sihanouk,2022,Apr,4,7,0
Preah Sihanouk,2022,May,5,7,0
Preah Sihanouk,2022,Jun,6,11,0
Preah Sihanouk,2022,Jul,7,24,0
Preah Sihanouk,2022,Aug,8,20,0
Preah Sihanouk,2022,Sep,9,25,0
Preah Sihanouk,2022,Oct,10,49,0
Preah Sihanouk,2022,Nov,11,52,0
Preah Sihanouk,2022,Dec,12,23,0
Preah Sihanouk,2023,Jan,1,11,0
Preah Sihanouk,2023,Feb,2,12,0
Preah Sihanouk,2023,Mar,3,9,0
Preah Sihanouk,2023,Apr,4,12,0
Preah Sihanouk,2023,May,5,18,0
Preah Sihanouk,2023,Jun,6,29,0
Preah Sihanouk,2023,Jul,7,39,0
Preah Sihanouk,2023,Aug,8,40,1
Preah Sihanouk,2023,Sep,9,41,0
Preah Sihanouk,2023,Oct,10,44,0
Preah Sihanouk,2023,Nov,11,41,1
Preah Sihanouk,2023,Dec,12,59,0
Preah Sihanouk,2024,Jan,1,50,0
Preah Sihanouk,2024,Feb,2,39,0
Preah Sihanouk,2024,Mar,3,62,0
Preah Sihanouk,2024,Apr,4,25,0
Preah Sihanouk,2024,May,5,20,0
Preah Sihanouk,2024,Jun,6,37,0
Preah Sihanouk,2024,Jul,7,46,0
Preah Sihanouk,2024,Aug,8,57,0
Preah Sihanouk,2024,Sep,9,55,0
Preah Sihanouk,2024,Oct,10,33,0
Preah Sihanouk,2025,Jan,1,17,0
Preah Sihanouk,2025,Feb,2,23,0
Preah Sihanouk,2025,Mar,3,40,0
Preah Sihanouk,2025,Apr,4,74,0
Preah Sihanouk,2025,May,5,194,0
Preah Sihanouk,2025,Jun,6,297,0
Preah Sihanouk,2025,Jul,7,357,0
Preah Sihanouk,2025,Aug,8,220,0
Preah Sihanouk,2025,Sep,9,211,0
Preah Sihanouk,2025,Oct,10,178,0
Preah Sihanouk,2025,Nov,11,201,0
Preah Sihanouk,2025,Dec,12,101,0
Preah Sihanouk,2026,Jan,1,88,0
Preah Sihanouk,2026,Feb,2,48,0
Preah Sihanouk,2026,Mar,3,62,0
Preah Sihanouk,2026,Apr,4,114,0
Preah Sihanouk,2026,May,5,238,0
Preah Sihanouk,2026,Jun,6,344,1
Preah Sihanouk,2026,Jul,7,348,2
Preah Vihear,2018,Jan,1,1,0
Preah Vihear,2018,Feb,2,2,0
Preah Vihear,2018,Mar,3,2,0
Preah Vihear,2018,Apr,4,3,0
Preah Vihear,2018,May,5,26,0
Preah Vihear,2018,Jun,6,90,0
Preah Vihear,2018,Jul,7,116,0
Preah Vihear,2018,Aug,8,68,0
Preah Vihear,2018,Sep,9,50,0
Preah Vihear,2018,Oct,10,29,0
Preah Vihear,2018,Nov,11,24,0
Preah Vihear,2018,Dec,12,24,0
Preah Vihear,2019,Jan,1,19,0
Preah Vihear,2019,Feb,2,37,0
Preah Vihear,2019,Mar,3,84,0
Preah Vihear,2019,Apr,4,119,0
Preah Vihear,2019,May,5,248,1
Preah Vihear,2019,Jun,6,698,1
Preah Vihear,2019,Jul,7,741,0
Preah Vihear,2019,Aug,8,185,0
Preah Vihear,2019,Sep,9,51,0
Preah Vihear,2019,Oct,10,26,0
Preah Vihear,2019,Nov,11,14,0
Preah Vihear,2019,Dec,12,5,0
Preah Vihear,2020,Jan,1,13,0
Preah Vihear,2020,Feb,2,11,0
Preah Vihear,2020,Mar,3,5,0
Preah Vihear,2020,Apr,4,10,0
Preah Vihear,2020,May,5,3,0
Preah Vihear,2020,Jun,6,15,0
Preah Vihear,2020,Jul,7,46,0
Preah Vihear,2020,Aug,8,33,0
Preah Vihear,2020,Sep,9,40,0
Preah Vihear,2020,Oct,10,21,0
Preah Vihear,2020,Nov,11,13,0
Preah Vihear,2020,Dec,12,2,0
Preah Vihear,2021,Feb,2,2,0
Preah Vihear,2021,Jun,6,3,0
Preah Vihear,2021,Jul,7,2,0
Preah Vihear,2021,Aug,8,9,0
Preah Vihear,2021,Sep,9,3,0
Preah Vihear,2021,Oct,10,3,0
Preah Vihear,2021,Nov,11,2,0
Preah Vihear,2022,Feb,2,1,0
Preah Vihear,2022,Mar,3,4,0
Preah Vihear,2022,Apr,4,2,0
Preah Vihear,2022,May,5,6,0
Preah Vihear,2022,Jun,6,23,0
Preah Vihear,2022,Jul,7,26,0
Preah Vihear,2022,Aug,8,42,0
Preah Vihear,2022,Sep,9,28,0
Preah Vihear,2022,Oct,10,41,0
Preah Vihear,2022,Nov,11,49,0
Preah Vihear,2022,Dec,12,12,0
Preah Vihear,2023,Jan,1,5,0
Preah Vihear,2023,Feb,2,7,0
Preah Vihear,2023,Mar,3,5,0
Preah Vihear,2023,Apr,4,24,0
Preah Vihear,2023,May,5,93,0
Preah Vihear,2023,Jun,6,393,1
Preah Vihear,2023,Jul,7,685,0
Preah Vihear,2023,Aug,8,341,0
Preah Vihear,2023,Sep,9,128,0
Preah Vihear,2023,Oct,10,49,0
Preah Vihear,2023,Nov,11,44,0
Preah Vihear,2023,Dec,12,30,0
Preah Vihear,2024,Jan,1,34,0
Preah Vihear,2024,Feb,2,33,0
Preah Vihear,2024,Mar,3,25,0
Preah Vihear,2024,Apr,4,13,0
Preah Vihear,2024,May,5,4,0
Preah Vihear,2024,Jun,6,12,0
Preah Vihear,2024,Jul,7,12,0
Preah Vihear,2024,Aug,8,31,0
Preah Vihear,2024,Sep,9,39,0
Preah Vihear,2024,Oct,10,48,0
Preah Vihear,2025,Jan,1,20,0
Preah Vihear,2025,Feb,2,14,0
Preah Vihear,2025,Mar,3,20,0
Preah Vihear,2025,Apr,4,144,1
Preah Vihear,2025,May,5,308,0
Preah Vihear,2025,Jun,6,456,0
Preah Vihear,2025,Jul,7,477,0
Preah Vihear,2025,Aug,8,339,1
Preah Vihear,2025,Sep,9,202,0
Preah Vihear,2025,Oct,10,135,0
Preah Vihear,2025,Nov,11,72,0
Preah Vihear,2025,Dec,12,32,0
Preah Vihear,2026,Jan,1,30,0
Preah Vihear,2026,Feb,2,14,0
Preah Vihear,2026,Mar,3,34,0
Preah Vihear,2026,Apr,4,94,0
Preah Vihear,2026,May,5,170,0
Preah Vihear,2026,Jun,6,484,1
Preah Vihear,2026,Jul,7,706,0
Prey Veng,2018,Jan,1,33,0
Prey Veng,2018,Feb,2,19,0
Prey Veng,2018,Mar,3,18,0
Prey Veng,2018,Apr,4,21,0
Prey Veng,2018,May,5,40,0
Prey Veng,2018,Jun,6,86,0
Prey Veng,2018,Jul,7,145,0
Prey Veng,2018,Aug,8,176,0
Prey Veng,2018,Sep,9,131,2
Prey Veng,2018,Oct,10,90,0
Prey Veng,2018,Nov,11,103,1
Prey Veng,2018,Dec,12,79,0
Prey Veng,2019,Jan,1,67,0
Prey Veng,2019,Feb,2,57,0
Prey Veng,2019,Mar,3,54,0
Prey Veng,2019,Apr,4,74,0
Prey Veng,2019,May,5,228,1
Prey Veng,2019,Jun,6,414,0
Prey Veng,2019,Jul,7,571,3
Prey Veng,2019,Aug,8,341,3
Prey Veng,2019,Sep,9,147,1
Prey Veng,2019,Oct,10,119,0
Prey Veng,2019,Nov,11,80,0
Prey Veng,2019,Dec,12,32,0
Prey Veng,2020,Jan,1,22,0
Prey Veng,2020,Feb,2,25,0
Prey Veng,2020,Mar,3,15,0
Prey Veng,2020,Apr,4,8,0
Prey Veng,2020,May,5,27,1
Prey Veng,2020,Jun,6,25,0
Prey Veng,2020,Jul,7,40,0
Prey Veng,2020,Aug,8,47,0
Prey Veng,2020,Sep,9,38,0
Prey Veng,2020,Oct,10,29,0
Prey Veng,2020,Nov,11,27,0
Prey Veng,2020,Dec,12,11,0
Prey Veng,2021,Jan,1,6,0
Prey Veng,2021,Feb,2,3,0
Prey Veng,2021,Mar,3,6,1
Prey Veng,2021,Apr,4,2,0
Prey Veng,2021,Jun,6,1,0
Prey Veng,2021,Jul,7,2,0
Prey Veng,2021,Sep,9,4,0
Prey Veng,2021,Oct,10,3,0
Prey Veng,2021,Nov,11,7,1
Prey Veng,2021,Dec,12,1,0
Prey Veng,2022,Jan,1,12,0
Prey Veng,2022,Feb,2,4,0
Prey Veng,2022,Mar,3,4,0
Prey Veng,2022,Apr,4,2,0
Prey Veng,2022,May,5,11,0
Prey Veng,2022,Jun,6,35,0
Prey Veng,2022,Jul,7,50,0
Prey Veng,2022,Aug,8,31,0
Prey Veng,2022,Sep,9,33,1
Prey Veng,2022,Oct,10,66,0
Prey Veng,2022,Nov,11,77,0
Prey Veng,2022,Dec,12,54,1
Prey Veng,2023,Jan,1,19,0
Prey Veng,2023,Feb,2,15,0
Prey Veng,2023,Mar,3,9,0
Prey Veng,2023,Apr,4,6,0
Prey Veng,2023,May,5,46,0
Prey Veng,2023,Jun,6,123,0
Prey Veng,2023,Jul,7,109,0
Prey Veng,2023,Aug,8,167,0
Prey Veng,2023,Sep,9,133,2
Prey Veng,2023,Oct,10,118,0
Prey Veng,2023,Nov,11,135,1
Prey Veng,2023,Dec,12,121,1
Prey Veng,2024,Jan,1,113,0
Prey Veng,2024,Feb,2,70,1
Prey Veng,2024,Mar,3,50,0
Prey Veng,2024,Apr,4,34,0
Prey Veng,2024,May,5,26,0
Prey Veng,2024,Jun,6,21,0
Prey Veng,2024,Jul,7,76,0
Prey Veng,2024,Aug,8,63,0
Prey Veng,2024,Sep,9,32,0
Prey Veng,2024,Oct,10,30,0
Prey Veng,2024,Nov,11,1,0
Prey Veng,2025,Jan,1,24,0
Prey Veng,2025,Feb,2,11,0
Prey Veng,2025,Mar,3,13,1
Prey Veng,2025,Apr,4,25,0
Prey Veng,2025,May,5,72,0
Prey Veng,2025,Jun,6,168,1
Prey Veng,2025,Jul,7,246,0
Prey Veng,2025,Aug,8,271,0
Prey Veng,2025,Sep,9,237,0
Prey Veng,2025,Oct,10,306,0
Prey Veng,2025,Nov,11,292,0
Prey Veng,2025,Dec,12,129,0
Prey Veng,2026,Jan,1,160,0
Prey Veng,2026,Feb,2,72,1
Prey Veng,2026,Mar,3,148,0
Prey Veng,2026,Apr,4,123,0
Prey Veng,2026,May,5,274,1
Prey Veng,2026,Jun,6,453,2
Prey Veng,2026,Jul,7,549,0
Pursat,2018,Jan,1,1,0
Pursat,2018,Feb,2,2,0
Pursat,2018,Mar,3,3,0
Pursat,2018,May,5,5,0
Pursat,2018,Jun,6,7,0
Pursat,2018,Jul,7,24,0
Pursat,2018,Aug,8,33,0
Pursat,2018,Sep,9,28,0
Pursat,2018,Oct,10,22,0
Pursat,2018,Nov,11,18,0
Pursat,2018,Dec,12,22,0
Pursat,2019,Jan,1,20,0
Pursat,2019,Feb,2,12,0
Pursat,2019,Mar,3,8,0
Pursat,2019,Apr,4,13,0
Pursat,2019,May,5,38,0
Pursat,2019,Jun,6,69,0
Pursat,2019,Jul,7,83,2
Pursat,2019,Aug,8,62,1
Pursat,2019,Sep,9,23,0
Pursat,2019,Oct,10,116,0
Pursat,2019,Nov,11,76,0
Pursat,2019,Dec,12,27,0
Pursat,2020,Jan,1,7,0
Pursat,2020,Feb,2,5,0
Pursat,2020,Mar,3,5,0
Pursat,2020,Apr,4,1,0
Pursat,2020,May,5,1,0
Pursat,2020,Jun,6,3,0
Pursat,2020,Jul,7,17,0
Pursat,2020,Aug,8,30,0
Pursat,2020,Sep,9,30,0
Pursat,2020,Oct,10,16,0
Pursat,2020,Nov,11,5,0
Pursat,2020,Dec,12,3,0
Pursat,2021,Jan,1,2,0
Pursat,2021,Feb,2,1,0
Pursat,2021,Mar,3,1,0
Pursat,2021,Apr,4,1,0
Pursat,2021,Jun,6,5,0
Pursat,2021,Jul,7,9,0
Pursat,2021,Aug,8,12,0
Pursat,2021,Sep,9,6,0
Pursat,2021,Oct,10,1,0
Pursat,2021,Nov,11,12,0
Pursat,2021,Dec,12,4,0
Pursat,2022,Jan,1,4,0
Pursat,2022,Feb,2,2,0
Pursat,2022,Mar,3,1,0
Pursat,2022,Apr,4,10,0
Pursat,2022,May,5,27,0
Pursat,2022,Jun,6,74,0
Pursat,2022,Jul,7,62,0
Pursat,2022,Aug,8,60,0
Pursat,2022,Sep,9,45,0
Pursat,2022,Oct,10,49,0
Pursat,2022,Nov,11,52,0
Pursat,2022,Dec,12,6,0
Pursat,2023,Jan,1,5,0
Pursat,2023,Feb,2,1,0
Pursat,2023,Mar,3,3,0
Pursat,2023,Apr,4,1,0
Pursat,2023,May,5,3,0
Pursat,2023,Jun,6,21,0
Pursat,2023,Jul,7,69,0
Pursat,2023,Aug,8,107,0
Pursat,2023,Sep,9,113,0
Pursat,2023,Oct,10,140,0
Pursat,2023,Nov,11,131,0
Pursat,2023,Dec,12,61,0
Pursat,2024,Jan,1,28,0
Pursat,2024,Feb,2,13,0
Pursat,2024,Mar,3,1,0
Pursat,2024,Apr,4,5,0
Pursat,2024,May,5,4,0
Pursat,2024,Jun,6,5,0
Pursat,2024,Jul,7,10,0
Pursat,2024,Aug,8,34,0
Pursat,2024,Sep,9,32,0
Pursat,2024,Oct,10,23,0
Pursat,2025,Jan,1,12,0
Pursat,2025,Feb,2,12,0
Pursat,2025,Mar,3,8,0
Pursat,2025,Apr,4,11,0
Pursat,2025,May,5,26,0
Pursat,2025,Jun,6,166,0
Pursat,2025,Jul,7,464,0
Pursat,2025,Aug,8,447,0
Pursat,2025,Sep,9,300,0
Pursat,2025,Oct,10,354,0
Pursat,2025,Nov,11,266,0
Pursat,2025,Dec,12,133,0
Pursat,2026,Jan,1,74,0
Pursat,2026,Feb,2,40,0
Pursat,2026,Mar,3,54,0
Pursat,2026,Apr,4,64,0
Pursat,2026,May,5,83,0
Pursat,2026,Jun,6,306,0
Pursat,2026,Jul,7,532,0
Ratanak Kiri,2018,Jan,1,2,0
Ratanak Kiri,2018,Apr,4,1,0
Ratanak Kiri,2018,May,5,2,0
Ratanak Kiri,2018,Jun,6,4,0
Ratanak Kiri,2018,Jul,7,6,0
Ratanak Kiri,2018,Aug,8,8,0
Ratanak Kiri,2018,Sep,9,4,0
Ratanak Kiri,2018,Oct,10,4,0
Ratanak Kiri,2018,Nov,11,3,0
Ratanak Kiri,2018,Dec,12,1,0
Ratanak Kiri,2019,Jan,1,2,0
Ratanak Kiri,2019,Feb,2,3,0
Ratanak Kiri,2019,Mar,3,5,0
Ratanak Kiri,2019,Apr,4,11,0
Ratanak Kiri,2019,May,5,58,0
Ratanak Kiri,2019,Jun,6,379,0
Ratanak Kiri,2019,Jul,7,665,0
Ratanak Kiri,2019,Aug,8,260,0
Ratanak Kiri,2019,Sep,9,47,0
Ratanak Kiri,2019,Oct,10,17,0
Ratanak Kiri,2019,Nov,11,3,0
Ratanak Kiri,2019,Dec,12,3,0
Ratanak Kiri,2020,Jan,1,5,0
Ratanak Kiri,2020,Feb,2,4,0
Ratanak Kiri,2020,Mar,3,1,0
Ratanak Kiri,2020,Jun,6,1,0
Ratanak Kiri,2020,Jul,7,20,0
Ratanak Kiri,2020,Aug,8,42,0
Ratanak Kiri,2020,Sep,9,7,0
Ratanak Kiri,2020,Oct,10,11,0
Ratanak Kiri,2020,Nov,11,6,0
Ratanak Kiri,2020,Dec,12,3,0
Ratanak Kiri,2021,May,5,2,0
Ratanak Kiri,2021,Aug,8,1,0
Ratanak Kiri,2022,May,5,1,0
Ratanak Kiri,2022,Jun,6,3,0
Ratanak Kiri,2022,Jul,7,10,0
Ratanak Kiri,2022,Aug,8,6,0
Ratanak Kiri,2022,Sep,9,3,0
Ratanak Kiri,2022,Oct,10,3,0
Ratanak Kiri,2022,Nov,11,2,0
Ratanak Kiri,2022,Dec,12,1,0
Ratanak Kiri,2023,Jan,1,2,0
Ratanak Kiri,2023,Mar,3,1,0
Ratanak Kiri,2023,Apr,4,1,0
Ratanak Kiri,2023,Jun,6,10,0
Ratanak Kiri,2023,Jul,7,18,0
Ratanak Kiri,2023,Aug,8,73,0
Ratanak Kiri,2023,Sep,9,33,0
Ratanak Kiri,2023,Oct,10,19,0
Ratanak Kiri,2023,Nov,11,19,0
Ratanak Kiri,2023,Dec,12,8,0
Ratanak Kiri,2024,Jan,1,8,0
Ratanak Kiri,2024,Feb,2,4,0
Ratanak Kiri,2024,Mar,3,4,0
Ratanak Kiri,2024,May,5,6,0
Ratanak Kiri,2024,Jun,6,3,0
Ratanak Kiri,2024,Jul,7,26,0
Ratanak Kiri,2024,Aug,8,24,0
Ratanak Kiri,2024,Sep,9,18,0
Ratanak Kiri,2024,Oct,10,9,0
Ratanak Kiri,2025,Jan,1,3,0
Ratanak Kiri,2025,Mar,3,2,0
Ratanak Kiri,2025,Apr,4,1,0
Ratanak Kiri,2025,May,5,9,0
Ratanak Kiri,2025,Jun,6,35,0
Ratanak Kiri,2025,Jul,7,74,0
Ratanak Kiri,2025,Aug,8,58,0
Ratanak Kiri,2025,Sep,9,38,0
Ratanak Kiri,2025,Oct,10,26,0
Ratanak Kiri,2025,Nov,11,37,0
Ratanak Kiri,2025,Dec,12,48,0
Ratanak Kiri,2026,Jan,1,32,0
Ratanak Kiri,2026,Feb,2,4,0
Ratanak Kiri,2026,Mar,3,5,0
Ratanak Kiri,2026,Apr,4,7,0
Ratanak Kiri,2026,May,5,33,0
Ratanak Kiri,2026,Jun,6,175,0
Ratanak Kiri,2026,Jul,7,562,0
Siem Reap,2018,Jan,1,13,0
Siem Reap,2018,Feb,2,16,0
Siem Reap,2018,Mar,3,26,0
Siem Reap,2018,Apr,4,27,0
Siem Reap,2018,May,5,88,0
Siem Reap,2018,Jun,6,237,0
Siem Reap,2018,Jul,7,429,1
Siem Reap,2018,Aug,8,472,0
Siem Reap,2018,Sep,9,433,0
Siem Reap,2018,Oct,10,329,0
Siem Reap,2018,Nov,11,249,0
Siem Reap,2018,Dec,12,149,0
Siem Reap,2019,Jan,1,174,1
Siem Reap,2019,Feb,2,170,0
Siem Reap,2019,Mar,3,342,0
Siem Reap,2019,Apr,4,405,0
Siem Reap,2019,May,5,725,1
Siem Reap,2019,Jun,6,1668,0
Siem Reap,2019,Jul,7,2818,2
Siem Reap,2019,Aug,8,1726,0
Siem Reap,2019,Sep,9,762,0
Siem Reap,2019,Oct,10,505,2
Siem Reap,2019,Nov,11,227,0
Siem Reap,2019,Dec,12,79,0
Siem Reap,2020,Jan,1,68,0
Siem Reap,2020,Feb,2,30,0
Siem Reap,2020,Mar,3,15,0
Siem Reap,2020,Apr,4,23,0
Siem Reap,2020,May,5,28,0
Siem Reap,2020,Jun,6,46,0
Siem Reap,2020,Jul,7,276,0
Siem Reap,2020,Aug,8,236,0
Siem Reap,2020,Sep,9,121,0
Siem Reap,2020,Oct,10,66,0
Siem Reap,2020,Nov,11,21,0
Siem Reap,2020,Dec,12,6,0
Siem Reap,2021,Jan,1,3,0
Siem Reap,2021,Feb,2,6,0
Siem Reap,2021,Mar,3,1,0
Siem Reap,2021,Apr,4,2,0
Siem Reap,2021,May,5,6,0
Siem Reap,2021,Jun,6,13,0
Siem Reap,2021,Jul,7,7,0
Siem Reap,2021,Aug,8,12,0
Siem Reap,2021,Sep,9,8,0
Siem Reap,2021,Oct,10,4,0
Siem Reap,2021,Nov,11,5,0
Siem Reap,2021,Dec,12,5,0
Siem Reap,2022,Jan,1,6,0
Siem Reap,2022,Feb,2,3,0
Siem Reap,2022,Mar,3,9,0
Siem Reap,2022,Apr,4,34,0
Siem Reap,2022,May,5,55,0
Siem Reap,2022,Jun,6,199,0
Siem Reap,2022,Jul,7,239,0
Siem Reap,2022,Aug,8,266,0
Siem Reap,2022,Sep,9,197,0
Siem Reap,2022,Oct,10,295,0
Siem Reap,2022,Nov,11,212,0
Siem Reap,2022,Dec,12,92,0
Siem Reap,2023,Jan,1,46,0
Siem Reap,2023,Feb,2,29,0
Siem Reap,2023,Mar,3,33,0
Siem Reap,2023,Apr,4,60,0
Siem Reap,2023,May,5,139,0
Siem Reap,2023,Jun,6,556,2
Siem Reap,2023,Jul,7,1109,2
Siem Reap,2023,Aug,8,1314,5
Siem Reap,2023,Sep,9,1050,3
Siem Reap,2023,Oct,10,654,1
Siem Reap,2023,Nov,11,383,1
Siem Reap,2023,Dec,12,257,0
Siem Reap,2024,Jan,1,188,3
Siem Reap,2024,Feb,2,151,1
Siem Reap,2024,Mar,3,104,0
Siem Reap,2024,Apr,4,66,0
Siem Reap,2024,May,5,46,0
Siem Reap,2024,Jun,6,68,0
Siem Reap,2024,Jul,7,170,1
Siem Reap,2024,Aug,8,349,0
Siem Reap,2024,Sep,9,332,0
Siem Reap,2024,Oct,10,204,0
Siem Reap,2024,Nov,11,1,0
Siem Reap,2025,Jan,1,94,0
Siem Reap,2025,Feb,2,41,0
Siem Reap,2025,Mar,3,59,0
Siem Reap,2025,Apr,4,78,0
Siem Reap,2025,May,5,199,0
Siem Reap,2025,Jun,6,672,1
Siem Reap,2025,Jul,7,1313,1
Siem Reap,2025,Aug,8,994,1
Siem Reap,2025,Sep,9,723,1
Siem Reap,2025,Oct,10,620,1
Siem Reap,2025,Nov,11,275,0
Siem Reap,2025,Dec,12,96,1
Siem Reap,2026,Jan,1,71,0
Siem Reap,2026,Feb,2,55,0
Siem Reap,2026,Mar,3,65,0
Siem Reap,2026,Apr,4,43,0
Siem Reap,2026,May,5,97,0
Siem Reap,2026,Jun,6,485,0
Siem Reap,2026,Jul,7,1192,2
Stung Treng,2018,Jan,1,1,0
Stung Treng,2018,Mar,3,2,0
Stung Treng,2018,May,5,1,0
Stung Treng,2018,Jun,6,3,0
Stung Treng,2018,Jul,7,6,0
Stung Treng,2018,Aug,8,4,0
Stung Treng,2018,Sep,9,1,0
Stung Treng,2018,Oct,10,2,0
Stung Treng,2018,Nov,11,2,0
Stung Treng,2018,Dec,12,1,0
Stung Treng,2019,Jan,1,3,0
Stung Treng,2019,Feb,2,3,0
Stung Treng,2019,Mar,3,4,0
Stung Treng,2019,Apr,4,15,0
Stung Treng,2019,May,5,77,0
Stung Treng,2019,Jun,6,150,0
Stung Treng,2019,Jul,7,30,0
Stung Treng,2019,Aug,8,20,0
Stung Treng,2019,Sep,9,24,0
Stung Treng,2019,Oct,10,8,0
Stung Treng,2019,Nov,11,7,0
Stung Treng,2020,Jan,1,6,0
Stung Treng,2020,Feb,2,4,0
Stung Treng,2020,Mar,3,8,0
Stung Treng,2020,Apr,4,5,0
Stung Treng,2020,May,5,5,0
Stung Treng,2020,Jun,6,11,0
Stung Treng,2020,Jul,7,34,0
Stung Treng,2020,Aug,8,27,0
Stung Treng,2020,Sep,9,33,0
Stung Treng,2020,Oct,10,11,0
Stung Treng,2020,Nov,11,13,0
Stung Treng,2020,Dec,12,8,0
Stung Treng,2021,Jan,1,4,0
Stung Treng,2021,Feb,2,1,0
Stung Treng,2021,Mar,3,1,0
Stung Treng,2021,Apr,4,1,0
Stung Treng,2021,Jun,6,4,0
Stung Treng,2021,Aug,8,2,0
Stung Treng,2021,Sep,9,2,0
Stung Treng,2021,Oct,10,4,0
Stung Treng,2021,Nov,11,1,0
Stung Treng,2021,Dec,12,2,0
Stung Treng,2022,Jan,1,3,0
Stung Treng,2022,Mar,3,2,0
Stung Treng,2022,May,5,2,0
Stung Treng,2022,Jul,7,5,0
Stung Treng,2022,Aug,8,5,0
Stung Treng,2022,Sep,9,6,0
Stung Treng,2022,Oct,10,7,0
Stung Treng,2022,Nov,11,7,0
Stung Treng,2023,Jan,1,1,0
Stung Treng,2023,Feb,2,2,0
Stung Treng,2023,Mar,3,1,0
Stung Treng,2023,May,5,6,0
Stung Treng,2023,Jun,6,6,0
Stung Treng,2023,Jul,7,16,0
Stung Treng,2023,Aug,8,18,0
Stung Treng,2023,Sep,9,8,0
Stung Treng,2023,Oct,10,4,0
Stung Treng,2023,Nov,11,6,0
Stung Treng,2023,Dec,12,3,0
Stung Treng,2024,Jan,1,6,1
Stung Treng,2024,Feb,2,2,0
Stung Treng,2024,Mar,3,8,0
Stung Treng,2024,Apr,4,4,0
Stung Treng,2024,May,5,3,0
Stung Treng,2024,Jun,6,5,0
Stung Treng,2024,Jul,7,14,0
Stung Treng,2024,Aug,8,32,1
Stung Treng,2024,Sep,9,38,1
Stung Treng,2024,Oct,10,24,0
Stung Treng,2025,Jan,1,6,0
Stung Treng,2025,Feb,2,2,0
Stung Treng,2025,Apr,4,4,0
Stung Treng,2025,May,5,10,0
Stung Treng,2025,Jun,6,29,0
Stung Treng,2025,Jul,7,134,0
Stung Treng,2025,Aug,8,132,0
Stung Treng,2025,Sep,9,113,0
Stung Treng,2025,Oct,10,86,0
Stung Treng,2025,Nov,11,38,0
Stung Treng,2025,Dec,12,16,0
Stung Treng,2026,Jan,1,13,0
Stung Treng,2026,Feb,2,5,0
Stung Treng,2026,Mar,3,10,0
Stung Treng,2026,Apr,4,7,0
Stung Treng,2026,May,5,26,0
Stung Treng,2026,Jun,6,104,0
Stung Treng,2026,Jul,7,186,0
Svay Rieng,2018,Jan,1,3,0
Svay Rieng,2018,Feb,2,1,0
Svay Rieng,2018,Mar,3,1,0
Svay Rieng,2018,Apr,4,2,0
Svay Rieng,2018,May,5,9,0
Svay Rieng,2018,Jun,6,22,0
Svay Rieng,2018,Jul,7,44,0
Svay Rieng,2018,Aug,8,43,0
Svay Rieng,2018,Sep,9,42,1
Svay Rieng,2018,Oct,10,27,0
Svay Rieng,2018,Nov,11,33,0
Svay Rieng,2018,Dec,12,23,0
Svay Rieng,2019,Jan,1,11,0
Svay Rieng,2019,Feb,2,16,0
Svay Rieng,2019,Mar,3,14,0
Svay Rieng,2019,Apr,4,7,0
Svay Rieng,2019,May,5,42,0
Svay Rieng,2019,Jun,6,126,1
Svay Rieng,2019,Jul,7,304,1
Svay Rieng,2019,Aug,8,209,0
Svay Rieng,2019,Sep,9,102,0
Svay Rieng,2019,Oct,10,57,0
Svay Rieng,2019,Nov,11,28,0
Svay Rieng,2019,Dec,12,22,1
Svay Rieng,2020,Jan,1,20,0
Svay Rieng,2020,Feb,2,6,0
Svay Rieng,2020,Mar,3,4,0
Svay Rieng,2020,Apr,4,3,0
Svay Rieng,2020,May,5,15,0
Svay Rieng,2020,Jun,6,28,0
Svay Rieng,2020,Jul,7,33,0
Svay Rieng,2020,Aug,8,53,0
Svay Rieng,2020,Sep,9,38,0
Svay Rieng,2020,Oct,10,19,0
Svay Rieng,2020,Nov,11,12,0
Svay Rieng,2020,Dec,12,5,0
Svay Rieng,2021,Jan,1,3,0
Svay Rieng,2021,Feb,2,2,0
Svay Rieng,2021,Mar,3,2,0
Svay Rieng,2021,Apr,4,1,0
Svay Rieng,2021,May,5,7,0
Svay Rieng,2021,Jun,6,3,0
Svay Rieng,2021,Jul,7,1,0
Svay Rieng,2021,Aug,8,4,0
Svay Rieng,2021,Sep,9,4,0
Svay Rieng,2021,Oct,10,2,0
Svay Rieng,2021,Nov,11,2,0
Svay Rieng,2021,Dec,12,2,0
Svay Rieng,2022,Jan,1,3,0
Svay Rieng,2022,Feb,2,6,0
Svay Rieng,2022,Mar,3,3,0
Svay Rieng,2022,May,5,9,0
Svay Rieng,2022,Jun,6,16,0
Svay Rieng,2022,Jul,7,15,0
Svay Rieng,2022,Aug,8,28,0
Svay Rieng,2022,Sep,9,22,0
Svay Rieng,2022,Oct,10,34,0
Svay Rieng,2022,Nov,11,22,0
Svay Rieng,2022,Dec,12,16,0
Svay Rieng,2023,Jan,1,6,0
Svay Rieng,2023,Feb,2,8,0
Svay Rieng,2023,Mar,3,8,0
Svay Rieng,2023,Apr,4,17,0
Svay Rieng,2023,May,5,21,0
Svay Rieng,2023,Jun,6,34,0
Svay Rieng,2023,Jul,7,59,0
Svay Rieng,2023,Aug,8,52,0
Svay Rieng,2023,Sep,9,44,0
Svay Rieng,2023,Oct,10,46,0
Svay Rieng,2023,Nov,11,47,0
Svay Rieng,2023,Dec,12,49,1
Svay Rieng,2024,Jan,1,33,0
Svay Rieng,2024,Feb,2,40,0
Svay Rieng,2024,Mar,3,17,0
Svay Rieng,2024,Apr,4,10,0
Svay Rieng,2024,May,5,7,0
Svay Rieng,2024,Jun,6,15,0
Svay Rieng,2024,Jul,7,70,0
Svay Rieng,2024,Aug,8,69,0
Svay Rieng,2024,Sep,9,59,1
Svay Rieng,2024,Oct,10,25,0
Svay Rieng,2025,Jan,1,9,0
Svay Rieng,2025,Feb,2,1,0
Svay Rieng,2025,Mar,3,9,0
Svay Rieng,2025,Apr,4,5,0
Svay Rieng,2025,May,5,34,0
Svay Rieng,2025,Jun,6,85,0
Svay Rieng,2025,Jul,7,169,0
Svay Rieng,2025,Aug,8,132,0
Svay Rieng,2025,Sep,9,135,0
Svay Rieng,2025,Oct,10,165,0
Svay Rieng,2025,Nov,11,139,1
Svay Rieng,2025,Dec,12,61,1
Svay Rieng,2026,Jan,1,64,0
Svay Rieng,2026,Feb,2,34,0
Svay Rieng,2026,Mar,3,26,0
Svay Rieng,2026,Apr,4,47,0
Svay Rieng,2026,May,5,30,0
Svay Rieng,2026,Jun,6,47,0
Svay Rieng,2026,Jul,7,140,0
Takeo,2018,Jan,1,6,0
Takeo,2018,Feb,2,10,0
Takeo,2018,Mar,3,5,0
Takeo,2018,Apr,4,8,0
Takeo,2018,May,5,14,0
Takeo,2018,Jun,6,30,0
Takeo,2018,Jul,7,77,0
Takeo,2018,Aug,8,67,0
Takeo,2018,Sep,9,62,0
Takeo,2018,Oct,10,63,0
Takeo,2018,Nov,11,49,0
Takeo,2018,Dec,12,41,0
Takeo,2019,Jan,1,31,0
Takeo,2019,Feb,2,10,0
Takeo,2019,Mar,3,18,0
Takeo,2019,Apr,4,25,0
Takeo,2019,May,5,56,0
Takeo,2019,Jun,6,136,0
Takeo,2019,Jul,7,370,0
Takeo,2019,Aug,8,164,0
Takeo,2019,Sep,9,64,0
Takeo,2019,Oct,10,81,0
Takeo,2019,Nov,11,49,0
Takeo,2019,Dec,12,12,0
Takeo,2020,Jan,1,33,0
Takeo,2020,Feb,2,10,0
Takeo,2020,Mar,3,20,0
Takeo,2020,Apr,4,8,0
Takeo,2020,May,5,26,0
Takeo,2020,Jun,6,14,0
Takeo,2020,Jul,7,36,0
Takeo,2020,Aug,8,50,0
Takeo,2020,Sep,9,56,0
Takeo,2020,Oct,10,23,0
Takeo,2020,Nov,11,10,0
Takeo,2020,Dec,12,21,1
Takeo,2021,Jan,1,8,0
Takeo,2021,Feb,2,8,0
Takeo,2021,Mar,3,8,0
Takeo,2021,Apr,4,9,0
Takeo,2021,May,5,5,0
Takeo,2021,Jun,6,7,0
Takeo,2021,Jul,7,12,1
Takeo,2021,Aug,8,10,0
Takeo,2021,Sep,9,17,0
Takeo,2021,Oct,10,14,0
Takeo,2021,Nov,11,14,1
Takeo,2021,Dec,12,10,0
Takeo,2022,Jan,1,9,0
Takeo,2022,Feb,2,1,0
Takeo,2022,Mar,3,4,0
Takeo,2022,Apr,4,6,0
Takeo,2022,May,5,28,0
Takeo,2022,Jun,6,67,0
Takeo,2022,Jul,7,69,1
Takeo,2022,Aug,8,53,0
Takeo,2022,Sep,9,60,0
Takeo,2022,Oct,10,63,0
Takeo,2022,Nov,11,67,0
Takeo,2022,Dec,12,27,0
Takeo,2023,Jan,1,24,1
Takeo,2023,Feb,2,21,0
Takeo,2023,Mar,3,21,0
Takeo,2023,Apr,4,33,0
Takeo,2023,May,5,86,0
Takeo,2023,Jun,6,130,1
Takeo,2023,Jul,7,158,0
Takeo,2023,Aug,8,163,0
Takeo,2023,Sep,9,117,0
Takeo,2023,Oct,10,74,0
Takeo,2023,Nov,11,108,0
Takeo,2023,Dec,12,59,0
Takeo,2024,Jan,1,44,0
Takeo,2024,Feb,2,17,0
Takeo,2024,Mar,3,20,0
Takeo,2024,Apr,4,15,0
Takeo,2024,May,5,17,0
Takeo,2024,Jun,6,10,0
Takeo,2024,Jul,7,32,0
Takeo,2024,Aug,8,45,0
Takeo,2024,Sep,9,22,0
Takeo,2024,Oct,10,33,0
Takeo,2024,Nov,11,1,0
Takeo,2025,Jan,1,15,0
Takeo,2025,Feb,2,12,0
Takeo,2025,Mar,3,21,0
Takeo,2025,Apr,4,34,0
Takeo,2025,May,5,83,0
Takeo,2025,Jun,6,207,0
Takeo,2025,Jul,7,523,1
Takeo,2025,Aug,8,482,0
Takeo,2025,Sep,9,379,0
Takeo,2025,Oct,10,330,0
Takeo,2025,Nov,11,316,2
Takeo,2025,Dec,12,139,0
Takeo,2026,Jan,1,176,1
Takeo,2026,Feb,2,109,0
Takeo,2026,Mar,3,107,0
Takeo,2026,Apr,4,98,0
Takeo,2026,May,5,108,0
Takeo,2026,Jun,6,239,1
Takeo,2026,Jul,7,411,0
Tboung Khmum,2018,Jan,1,9,0
Tboung Khmum,2018,Feb,2,7,0
Tboung Khmum,2018,Mar,3,7,0
Tboung Khmum,2018,Apr,4,17,0
Tboung Khmum,2018,May,5,29,0
Tboung Khmum,2018,Jun,6,59,0
Tboung Khmum,2018,Jul,7,55,0
Tboung Khmum,2018,Aug,8,63,0
Tboung Khmum,2018,Sep,9,43,0
Tboung Khmum,2018,Oct,10,28,0
Tboung Khmum,2018,Nov,11,45,0
Tboung Khmum,2018,Dec,12,43,0
Tboung Khmum,2019,Jan,1,42,0
Tboung Khmum,2019,Feb,2,32,0
Tboung Khmum,2019,Mar,3,30,1
Tboung Khmum,2019,Apr,4,69,1
Tboung Khmum,2019,May,5,115,0
Tboung Khmum,2019,Jun,6,225,4
Tboung Khmum,2019,Jul,7,1017,1
Tboung Khmum,2019,Aug,8,475,2
Tboung Khmum,2019,Sep,9,238,1
Tboung Khmum,2019,Oct,10,125,0
Tboung Khmum,2019,Nov,11,59,0
Tboung Khmum,2019,Dec,12,40,0
Tboung Khmum,2020,Jan,1,30,0
Tboung Khmum,2020,Feb,2,17,0
Tboung Khmum,2020,Mar,3,13,0
Tboung Khmum,2020,Apr,4,21,0
Tboung Khmum,2020,May,5,20,0
Tboung Khmum,2020,Jun,6,102,0
Tboung Khmum,2020,Jul,7,186,1
Tboung Khmum,2020,Aug,8,133,1
Tboung Khmum,2020,Sep,9,102,1
Tboung Khmum,2020,Oct,10,69,0
Tboung Khmum,2020,Nov,11,48,0
Tboung Khmum,2020,Dec,12,22,0
Tboung Khmum,2021,Jan,1,5,0
Tboung Khmum,2021,Feb,2,4,0
Tboung Khmum,2021,Mar,3,3,0
Tboung Khmum,2021,Apr,4,3,0
Tboung Khmum,2021,May,5,3,0
Tboung Khmum,2021,Jun,6,17,0
Tboung Khmum,2021,Jul,7,7,0
Tboung Khmum,2021,Aug,8,3,0
Tboung Khmum,2021,Sep,9,2,0
Tboung Khmum,2021,Oct,10,2,0
Tboung Khmum,2021,Nov,11,2,0
Tboung Khmum,2021,Dec,12,4,0
Tboung Khmum,2022,Jan,1,8,0
Tboung Khmum,2022,Feb,2,2,0
Tboung Khmum,2022,Mar,3,1,0
Tboung Khmum,2022,Apr,4,3,0
Tboung Khmum,2022,May,5,50,1
Tboung Khmum,2022,Jun,6,122,1
Tboung Khmum,2022,Jul,7,69,0
Tboung Khmum,2022,Aug,8,51,0
Tboung Khmum,2022,Sep,9,30,0
Tboung Khmum,2022,Oct,10,31,0
Tboung Khmum,2022,Nov,11,27,0
Tboung Khmum,2022,Dec,12,20,0
Tboung Khmum,2023,Jan,1,4,0
Tboung Khmum,2023,Feb,2,14,0
Tboung Khmum,2023,Mar,3,18,1
Tboung Khmum,2023,Apr,4,36,0
Tboung Khmum,2023,May,5,111,0
Tboung Khmum,2023,Jun,6,206,1
Tboung Khmum,2023,Jul,7,319,1
Tboung Khmum,2023,Aug,8,341,2
Tboung Khmum,2023,Sep,9,145,0
Tboung Khmum,2023,Oct,10,106,0
Tboung Khmum,2023,Nov,11,77,0
Tboung Khmum,2023,Dec,12,57,0
Tboung Khmum,2024,Jan,1,51,0
Tboung Khmum,2024,Feb,2,55,0
Tboung Khmum,2024,Mar,3,45,0
Tboung Khmum,2024,Apr,4,30,0
Tboung Khmum,2024,May,5,32,1
Tboung Khmum,2024,Jun,6,69,0
Tboung Khmum,2024,Jul,7,257,1
Tboung Khmum,2024,Aug,8,485,1
Tboung Khmum,2024,Sep,9,224,0
Tboung Khmum,2024,Oct,10,162,2
Tboung Khmum,2024,Nov,11,2,0
Tboung Khmum,2025,Jan,1,96,0
Tboung Khmum,2025,Feb,2,43,0
Tboung Khmum,2025,Mar,3,75,0
Tboung Khmum,2025,Apr,4,149,1
Tboung Khmum,2025,May,5,443,1
Tboung Khmum,2025,Jun,6,1061,2
Tboung Khmum,2025,Jul,7,1225,1
Tboung Khmum,2025,Aug,8,509,0
Tboung Khmum,2025,Sep,9,337,0
Tboung Khmum,2025,Oct,10,297,0
Tboung Khmum,2025,Nov,11,222,1
Tboung Khmum,2025,Dec,12,85,0
Tboung Khmum,2026,Jan,1,57,0
Tboung Khmum,2026,Feb,2,33,0
Tboung Khmum,2026,Mar,3,32,0
Tboung Khmum,2026,Apr,4,55,1
Tboung Khmum,2026,May,5,179,0
Tboung Khmum,2026,Jun,6,503,0
Tboung Khmum,2026,Jul,7,881,0
